,url
0,https://fam.state.gov/FAM/01FAM/01FAM0010.html
1,https://fam.state.gov/FAM/01FAM/01FAM0020.html
2,https://fam.state.gov/FAM/01FAM/01FAM0030.html
3,https://fam.state.gov/FAM/01FAM/01FAM0040.html
4,https://fam.state.gov/FAM/01FAM/01FAM0050.html
5,https://fam.state.gov/FAM/01FAM/01FAM0110.html
6,https://fam.state.gov/FAM/01FAM/01FAM0120.html
7,https://fam.state.gov/FAM/01FAM/01FAM0130.html
8,https://fam.state.gov/FAM/01FAM/01FAM0140.html
9,https://fam.state.gov/FAM/01FAM/01FAM0150.html
10,https://fam.state.gov/FAM/01FAM/01FAM0160.html
11,https://fam.state.gov/FAM/01FAM/01FAM0170.html
12,https://fam.state.gov/FAM/01FAM/01FAM0210.html
13,https://fam.state.gov/FAM/01FAM/01FAM0220.html
14,https://fam.state.gov/FAM/01FAM/01FAM0230.html
15,https://fam.state.gov/FAM/01FAM/01FAM0240.html
16,https://fam.state.gov/FAM/01FAM/01FAM0250.html
17,https://fam.state.gov/FAM/01FAM/01FAM0260.html
18,https://fam.state.gov/FAM/01FAM/01FAM0270.html
19,https://fam.state.gov/FAM/01FAM/01FAM0280.html
20,https://fam.state.gov/FAM/01FAM/01FAM0290.html
21,https://fam.state.gov/FAM/01FAM/01FAM0310.html
22,https://fam.state.gov/FAM/01FAM/01FAM0320.html
23,https://fam.state.gov/FAM/01FAM/01FAM0330.html
24,https://fam.state.gov/FAM/01FAM/01FAM0340.html
25,https://fam.state.gov/FAM/01FAM/01FAM0360.html
26,https://fam.state.gov/FAM/01FAM/01FAM0410.html
27,https://fam.state.gov/FAM/01FAM/01FAM0420.html
28,https://fam.state.gov/FAM/01FAM/01FAM0430.html
29,https://fam.state.gov/FAM/01FAM/01FAM0440.html
30,https://fam.state.gov/FAM/01FAM/01FAM0450.html
31,https://fam.state.gov/FAM/01FAM/01FAM0460.html
32,https://fam.state.gov/FAM/01FAM/01FAM0470.html
33,https://fam.state.gov/FAM/01FAM/01FAM0480.html
34,https://fam.state.gov/FAM/01FAM/01FAM0490.html
35,https://fam.state.gov/FAM/01FAM/01FAM0510.html
36,https://fam.state.gov/FAM/01FAM/01FAM0520.html
37,https://fam.state.gov/FAM/01FAM/01FAM0530.html
38,https://fam.state.gov/FAM/01FAM/01FAM0540.html
39,https://fam.state.gov/FAM/01FAM/01FAM0550.html
40,https://fam.state.gov/FAM/01FAM/01FAM0610.html
41,https://fam.state.gov/FAM/01FAM/01FAM0620.html
42,https://fam.state.gov/FAM/02FAH02/02FAH020110.html
43,https://fam.state.gov/FAM/02FAM/02FAM0010.html
44,https://fam.state.gov/FAM/02FAM/02FAM0020.html
45,https://fam.state.gov/FAM/02FAM/02FAM0030.html
46,https://fam.state.gov/FAM/02FAM/02FAM0040.html
47,https://fam.state.gov/FAM/02FAM/02FAM0060.html
48,https://fam.state.gov/FAM/02FAM/02FAM0070.html
49,https://fam.state.gov/FAM/02FAM/02FAM0080.html
50,https://fam.state.gov/FAM/02FAM/02FAM0090.html
51,https://fam.state.gov/FAM/02FAM/02FAM0110.html
52,https://fam.state.gov/FAM/02FAM/02FAM0130.html
53,https://fam.state.gov/FAM/02FAM/02FAM0150.html
54,https://fam.state.gov/FAM/02FAM/02FAM0170.html
55,https://fam.state.gov/FAM/02FAM/02FAM0180.html
56,https://fam.state.gov/FAM/02FAM/02FAM0190.html
57,https://fam.state.gov/FAM/02FAM/02FAM0210.html
58,https://fam.state.gov/FAM/02FAM/02FAM0220.html
59,https://fam.state.gov/FAM/02FAM/02FAM0230.html
60,https://fam.state.gov/FAM/02FAM/02FAM0240.html
61,https://fam.state.gov/FAM/02FAM/02FAM0250.html
62,https://fam.state.gov/FAM/02FAM/02FAM0260.html
63,https://fam.state.gov/FAM/02FAM/02FAM0270.html
64,https://fam.state.gov/FAM/02FAM/02FAM0280.html
65,https://fam.state.gov/FAM/02FAM/02FAM0310.html
66,https://fam.state.gov/FAM/02FAM/02FAM0320.html
67,https://fam.state.gov/FAM/02FAM/02FAM0340.html
68,https://fam.state.gov/FAM/02FAM/02FAM0350.html
69,https://fam.state.gov/FAM/02FAM/02FAM0410.html
70,https://fam.state.gov/FAM/02FAM/02FAM0420.html
71,https://fam.state.gov/FAM/02FAM/02FAM0430.html
72,https://fam.state.gov/FAM/02FAM/02FAM0440.html
73,https://fam.state.gov/FAM/02FAM/02FAM0450.html
74,https://fam.state.gov/FAM/02FAM/02FAM0460.html
75,https://fam.state.gov/FAM/02FAM/02FAM0510.html
76,https://fam.state.gov/FAM/02FAM/02FAM0610.html
77,https://fam.state.gov/FAM/02FAM/02FAM0620.html
78,https://fam.state.gov/FAM/02FAM/02FAM0630.html
79,https://fam.state.gov/FAM/02FAM/02FAM0810.html
80,https://fam.state.gov/FAM/02FAM/02FAM0910.html
81,https://fam.state.gov/FAM/02FAM/02FAM0940.html
82,https://fam.state.gov/FAM/02FAM/02FAM0950.html
83,https://fam.state.gov/FAM/02FAM/02FAM0960.html
84,https://fam.state.gov/FAM/02FAM/02FAM0970.html
85,https://fam.state.gov/FAM/02FAM/02FAM1010.html
86,https://fam.state.gov/FAM/02FAM/02FAM1210.html
87,https://fam.state.gov/FAM/02FAM/02FAM1240.html
88,https://fam.state.gov/FAM/02FAM/02FAM1260.html
89,https://fam.state.gov/FAM/02FAM/02FAM1290.html
90,https://fam.state.gov/FAM/02FAM/02FAM1420.html
91,https://fam.state.gov/FAM/02FAM/02FAM1430.html
92,https://fam.state.gov/FAM/02FAM/02FAM1450.html
93,https://fam.state.gov/FAM/02FAM/02FAM1510.html
94,https://fam.state.gov/FAM/02FAM/02FAM1530.html
95,https://fam.state.gov/FAM/02FAM/02FAM1540.html
96,https://fam.state.gov/FAM/02FAM/02FAM1550.html
97,https://fam.state.gov/FAM/02FAM/02FAM1560.html
98,https://fam.state.gov/FAM/02FAM/02FAM1570.html
99,https://fam.state.gov/FAM/02FAM/02FAM1910.html
100,https://fam.state.gov/FAM/02FAM/02FAM1920.html
101,https://fam.state.gov/FAM/03FAH01/03FAH011110.html
102,https://fam.state.gov/FAM/03FAH01/03FAH011420.html
103,https://fam.state.gov/FAM/03FAH01/03FAH012110.html
104,https://fam.state.gov/FAM/03FAH01/03FAH012240.html
105,https://fam.state.gov/FAM/03FAH01/03FAH012250.html
106,https://fam.state.gov/FAM/03FAH01/03FAH012260.html
107,https://fam.state.gov/FAM/03FAH01/03FAH012320.html
108,https://fam.state.gov/FAM/03FAH01/03FAH012340.html
109,https://fam.state.gov/FAM/03FAH01/03FAH012350.html
110,https://fam.state.gov/FAM/03FAH01/03FAH012360.html
111,https://fam.state.gov/FAM/03FAH01/03FAH012420.html
112,https://fam.state.gov/FAM/03FAH01/03FAH012430.html
113,https://fam.state.gov/FAM/03FAH01/03FAH012520.html
114,https://fam.state.gov/FAM/03FAH01/03FAH012530.html
115,https://fam.state.gov/FAM/03FAH01/03FAH012650.html
116,https://fam.state.gov/FAM/03FAH01/03FAH012790.html
117,https://fam.state.gov/FAM/03FAH01/03FAH012810.html
118,https://fam.state.gov/FAM/03FAH01/03FAH012820.html
119,https://fam.state.gov/FAM/03FAH01/03FAH012840.html
120,https://fam.state.gov/FAM/03FAH01/03FAH012870.html
121,https://fam.state.gov/FAM/03FAH01/03FAH013210.html
122,https://fam.state.gov/FAM/03FAH01/03FAH013230.html
123,https://fam.state.gov/FAM/03FAH01/03FAH013240.html
124,https://fam.state.gov/FAM/03FAH01/03FAH013250.html
125,https://fam.state.gov/FAM/03FAH01/03FAH013310.html
126,https://fam.state.gov/FAM/03FAH01/03FAH013320.html
127,https://fam.state.gov/FAM/03FAH01/03FAH013330.html
128,https://fam.state.gov/FAM/03FAH01/03FAH013360.html
129,https://fam.state.gov/FAM/03FAH01/03FAH013410.html
130,https://fam.state.gov/FAM/03FAH01/03FAH013420.html
131,https://fam.state.gov/FAM/03FAH01/03FAH013430.html
132,https://fam.state.gov/FAM/03FAH01/03FAH013440.html
133,https://fam.state.gov/FAM/03FAH01/03FAH013460.html
134,https://fam.state.gov/FAM/03FAH01/03FAH013510.html
135,https://fam.state.gov/FAM/03FAH01/03FAH013520.html
136,https://fam.state.gov/FAM/03FAH01/03FAH013630.html
137,https://fam.state.gov/FAM/03FAH01/03FAH013670.html
138,https://fam.state.gov/FAM/03FAH01/03FAH013720.html
139,https://fam.state.gov/FAM/03FAH01/03FAH013730.html
140,https://fam.state.gov/FAM/03FAH01/03FAH013750.html
141,https://fam.state.gov/FAM/03FAH01/03FAH013760.html
142,https://fam.state.gov/FAM/03FAH01/03FAH013820.html
143,https://fam.state.gov/FAM/03FAH01/03FAH013910.html
144,https://fam.state.gov/FAM/03FAH01/03FAH014810.html
145,https://fam.state.gov/FAM/03FAH01/03FAH014840.html
146,https://fam.state.gov/FAM/03FAH01/03FAH014850.html
147,https://fam.state.gov/FAM/03FAH01/03FAH015120.html
148,https://fam.state.gov/FAM/03FAM/03FAM1110.html
149,https://fam.state.gov/FAM/03FAM/03FAM1210.html
150,https://fam.state.gov/FAM/03FAM/03FAM1220.html
151,https://fam.state.gov/FAM/03FAM/03FAM1310.html
152,https://fam.state.gov/FAM/03FAM/03FAM1320.html
153,https://fam.state.gov/FAM/03FAM/03FAM1410.html
154,https://fam.state.gov/FAM/03FAM/03FAM1420.html
155,https://fam.state.gov/FAM/03FAM/03FAM1520.html
156,https://fam.state.gov/FAM/03FAM/03FAM1530.html
157,https://fam.state.gov/FAM/03FAM/03FAM1540.html
158,https://fam.state.gov/FAM/03FAM/03FAM1610.html
159,https://fam.state.gov/FAM/03FAM/03FAM1710.html
160,https://fam.state.gov/FAM/03FAM/03FAM1720.html
161,https://fam.state.gov/FAM/03FAM/03FAM1730.html
162,https://fam.state.gov/FAM/03FAM/03FAM1810.html
163,https://fam.state.gov/FAM/03FAM/03FAM1910.html
164,https://fam.state.gov/FAM/03FAM/03FAM2110.html
165,https://fam.state.gov/FAM/03FAM/03FAM2130.html
166,https://fam.state.gov/FAM/03FAM/03FAM2140.html
167,https://fam.state.gov/FAM/03FAM/03FAM2150.html
168,https://fam.state.gov/FAM/03FAM/03FAM2160.html
169,https://fam.state.gov/FAM/03FAM/03FAM2210.html
170,https://fam.state.gov/FAM/03FAM/03FAM2220.html
171,https://fam.state.gov/FAM/03FAM/03FAM2230.html
172,https://fam.state.gov/FAM/03FAM/03FAM2240.html
173,https://fam.state.gov/FAM/03FAM/03FAM2250.html
174,https://fam.state.gov/FAM/03FAM/03FAM2260.html
175,https://fam.state.gov/FAM/03FAM/03FAM2270.html
176,https://fam.state.gov/FAM/03FAM/03FAM2280.html
177,https://fam.state.gov/FAM/03FAM/03FAM2290.html
178,https://fam.state.gov/FAM/03FAM/03FAM2310.html
179,https://fam.state.gov/FAM/03FAM/03FAM2320.html
180,https://fam.state.gov/FAM/03FAM/03FAM2330.html
181,https://fam.state.gov/FAM/03FAM/03FAM2340.html
182,https://fam.state.gov/FAM/03FAM/03FAM2350.html
183,https://fam.state.gov/FAM/03FAM/03FAM2360.html
184,https://fam.state.gov/FAM/03FAM/03FAM2370.html
185,https://fam.state.gov/FAM/03FAM/03FAM2380.html
186,https://fam.state.gov/FAM/03FAM/03FAM2410.html
187,https://fam.state.gov/FAM/03FAM/03FAM2420.html
188,https://fam.state.gov/FAM/03FAM/03FAM2430.html
189,https://fam.state.gov/FAM/03FAM/03FAM2440.html
190,https://fam.state.gov/FAM/03FAM/03FAM2510.html
191,https://fam.state.gov/FAM/03FAM/03FAM2520.html
192,https://fam.state.gov/FAM/03FAM/03FAM2530.html
193,https://fam.state.gov/FAM/03FAM/03FAM2540.html
194,https://fam.state.gov/FAM/03FAM/03FAM2550.html
195,https://fam.state.gov/FAM/03FAM/03FAM2560.html
196,https://fam.state.gov/FAM/03FAM/03FAM2570.html
197,https://fam.state.gov/FAM/03FAM/03FAM2580.html
198,https://fam.state.gov/FAM/03FAM/03FAM2610.html
199,https://fam.state.gov/FAM/03FAM/03FAM2620.html
200,https://fam.state.gov/FAM/03FAM/03FAM2630.html
201,https://fam.state.gov/FAM/03FAM/03FAM2640.html
202,https://fam.state.gov/FAM/03FAM/03FAM2650.html
203,https://fam.state.gov/FAM/03FAM/03FAM2710.html
204,https://fam.state.gov/FAM/03FAM/03FAM2750.html
205,https://fam.state.gov/FAM/03FAM/03FAM2760.html
206,https://fam.state.gov/FAM/03FAM/03FAM2790.html
207,https://fam.state.gov/FAM/03FAM/03FAM2810.html
208,https://fam.state.gov/FAM/03FAM/03FAM2830.html
209,https://fam.state.gov/FAM/03FAM/03FAM2840.html
210,https://fam.state.gov/FAM/03FAM/03FAM2860.html
211,https://fam.state.gov/FAM/03FAM/03FAM2870.html
212,https://fam.state.gov/FAM/03FAM/03FAM2910.html
213,https://fam.state.gov/FAM/03FAM/03FAM2920.html
214,https://fam.state.gov/FAM/03FAM/03FAM2930.html
215,https://fam.state.gov/FAM/03FAM/03FAM2940.html
216,https://fam.state.gov/FAM/03FAM/03FAM3110.html
217,https://fam.state.gov/FAM/03FAM/03FAM3120.html
218,https://fam.state.gov/FAM/03FAM/03FAM3130.html
219,https://fam.state.gov/FAM/03FAM/03FAM3140.html
220,https://fam.state.gov/FAM/03FAM/03FAM3150.html
221,https://fam.state.gov/FAM/03FAM/03FAM3160.html
222,https://fam.state.gov/FAM/03FAM/03FAM3170.html
223,https://fam.state.gov/FAM/03FAM/03FAM3180.html
224,https://fam.state.gov/FAM/03FAM/03FAM3190.html
225,https://fam.state.gov/FAM/03FAM/03FAM3210.html
226,https://fam.state.gov/FAM/03FAM/03FAM3220.html
227,https://fam.state.gov/FAM/03FAM/03FAM3230.html
228,https://fam.state.gov/FAM/03FAM/03FAM3240.html
229,https://fam.state.gov/FAM/03FAM/03FAM3250.html
230,https://fam.state.gov/FAM/03FAM/03FAM3260.html
231,https://fam.state.gov/FAM/03FAM/03FAM3270.html
232,https://fam.state.gov/FAM/03FAM/03FAM3280.html
233,https://fam.state.gov/FAM/03FAM/03FAM3290.html
234,https://fam.state.gov/FAM/03FAM/03FAM3310.html
235,https://fam.state.gov/FAM/03FAM/03FAM3320.html
236,https://fam.state.gov/FAM/03FAM/03FAM3330.html
237,https://fam.state.gov/FAM/03FAM/03FAM3340.html
238,https://fam.state.gov/FAM/03FAM/03FAM3360.html
239,https://fam.state.gov/FAM/03FAM/03FAM3410.html
240,https://fam.state.gov/FAM/03FAM/03FAM3420.html
241,https://fam.state.gov/FAM/03FAM/03FAM3430.html
242,https://fam.state.gov/FAM/03FAM/03FAM3440.html
243,https://fam.state.gov/FAM/03FAM/03FAM3450.html
244,https://fam.state.gov/FAM/03FAM/03FAM3460.html
245,https://fam.state.gov/FAM/03FAM/03FAM3470.html
246,https://fam.state.gov/FAM/03FAM/03FAM3480.html
247,https://fam.state.gov/FAM/03FAM/03FAM3490.html
248,https://fam.state.gov/FAM/03FAM/03FAM3510.html
249,https://fam.state.gov/FAM/03FAM/03FAM3520.html
250,https://fam.state.gov/FAM/03FAM/03FAM3530.html
251,https://fam.state.gov/FAM/03FAM/03FAM3610.html
252,https://fam.state.gov/FAM/03FAM/03FAM3620.html
253,https://fam.state.gov/FAM/03FAM/03FAM3630.html
254,https://fam.state.gov/FAM/03FAM/03FAM3640.html
255,https://fam.state.gov/FAM/03FAM/03FAM3650.html
256,https://fam.state.gov/FAM/03FAM/03FAM3660.html
257,https://fam.state.gov/FAM/03FAM/03FAM3670.html
258,https://fam.state.gov/FAM/03FAM/03FAM3720.html
259,https://fam.state.gov/FAM/03FAM/03FAM3730.html
260,https://fam.state.gov/FAM/03FAM/03FAM3740.html
261,https://fam.state.gov/FAM/03FAM/03FAM3750.html
262,https://fam.state.gov/FAM/03FAM/03FAM3760.html
263,https://fam.state.gov/FAM/03FAM/03FAM3770.html
264,https://fam.state.gov/FAM/03FAM/03FAM3780.html
265,https://fam.state.gov/FAM/03FAM/03FAM3810.html
266,https://fam.state.gov/FAM/03FAM/03FAM3820.html
267,https://fam.state.gov/FAM/03FAM/03FAM3830.html
268,https://fam.state.gov/FAM/03FAM/03FAM3840.html
269,https://fam.state.gov/FAM/03FAM/03FAM3850.html
270,https://fam.state.gov/FAM/03FAM/03FAM3860.html
271,https://fam.state.gov/FAM/03FAM/03FAM3910.html
272,https://fam.state.gov/FAM/03FAM/03FAM4110.html
273,https://fam.state.gov/FAM/03FAM/03FAM4120.html
274,https://fam.state.gov/FAM/03FAM/03FAM4130.html
275,https://fam.state.gov/FAM/03FAM/03FAM4140.html
276,https://fam.state.gov/FAM/03FAM/03FAM4150.html
277,https://fam.state.gov/FAM/03FAM/03FAM4160.html
278,https://fam.state.gov/FAM/03FAM/03FAM4170.html
279,https://fam.state.gov/FAM/03FAM/03FAM4180.html
280,https://fam.state.gov/FAM/03FAM/03FAM4190.html
281,https://fam.state.gov/FAM/03FAM/03FAM4210.html
282,https://fam.state.gov/FAM/03FAM/03FAM4310.html
283,https://fam.state.gov/FAM/03FAM/03FAM4320.html
284,https://fam.state.gov/FAM/03FAM/03FAM4330.html
285,https://fam.state.gov/FAM/03FAM/03FAM4340.html
286,https://fam.state.gov/FAM/03FAM/03FAM4350.html
287,https://fam.state.gov/FAM/03FAM/03FAM4360.html
288,https://fam.state.gov/FAM/03FAM/03FAM4370.html
289,https://fam.state.gov/FAM/03FAM/03FAM4410.html
290,https://fam.state.gov/FAM/03FAM/03FAM4420.html
291,https://fam.state.gov/FAM/03FAM/03FAM4430.html
292,https://fam.state.gov/FAM/03FAM/03FAM4440.html
293,https://fam.state.gov/FAM/03FAM/03FAM4450.html
294,https://fam.state.gov/FAM/03FAM/03FAM4460.html
295,https://fam.state.gov/FAM/03FAM/03FAM4470.html
296,https://fam.state.gov/FAM/03FAM/03FAM4510.html
297,https://fam.state.gov/FAM/03FAM/03FAM4520.html
298,https://fam.state.gov/FAM/03FAM/03FAM4530.html
299,https://fam.state.gov/FAM/03FAM/03FAM4540.html
300,https://fam.state.gov/FAM/03FAM/03FAM4550.html
301,https://fam.state.gov/FAM/03FAM/03FAM4610.html
302,https://fam.state.gov/FAM/03FAM/03FAM4620.html
303,https://fam.state.gov/FAM/03FAM/03FAM4710.html
304,https://fam.state.gov/FAM/03FAM/03FAM4720.html
305,https://fam.state.gov/FAM/03FAM/03FAM4730.html
306,https://fam.state.gov/FAM/03FAM/03FAM4810.html
307,https://fam.state.gov/FAM/03FAM/03FAM4820.html
308,https://fam.state.gov/FAM/03FAM/03FAM4830.html
309,https://fam.state.gov/FAM/03FAM/03FAM4840.html
310,https://fam.state.gov/FAM/03FAM/03FAM4850.html
311,https://fam.state.gov/FAM/03FAM/03FAM4860.html
312,https://fam.state.gov/FAM/03FAM/03FAM4870.html
313,https://fam.state.gov/FAM/03FAM/03FAM4890.html
314,https://fam.state.gov/FAM/03FAM/03FAM5110.html
315,https://fam.state.gov/FAM/03FAM/03FAM5310.html
316,https://fam.state.gov/FAM/03FAM/03FAM6110.html
317,https://fam.state.gov/FAM/03FAM/03FAM6120.html
318,https://fam.state.gov/FAM/03FAM/03FAM6130.html
319,https://fam.state.gov/FAM/03FAM/03FAM6140.html
320,https://fam.state.gov/FAM/03FAM/03FAM6150.html
321,https://fam.state.gov/FAM/03FAM/03FAM6160.html
322,https://fam.state.gov/FAM/03FAM/03FAM6180.html
323,https://fam.state.gov/FAM/03FAM/03FAM6210.html
324,https://fam.state.gov/FAM/03FAM/03FAM7110.html
325,https://fam.state.gov/FAM/03FAM/03FAM7120.html
326,https://fam.state.gov/FAM/03FAM/03FAM7130.html
327,https://fam.state.gov/FAM/03FAM/03FAM7140.html
328,https://fam.state.gov/FAM/03FAM/03FAM7150.html
329,https://fam.state.gov/FAM/03FAM/03FAM7160.html
330,https://fam.state.gov/FAM/03FAM/03FAM7170.html
331,https://fam.state.gov/FAM/03FAM/03FAM7210.html
332,https://fam.state.gov/FAM/03FAM/03FAM7220.html
333,https://fam.state.gov/FAM/03FAM/03FAM7230.html
334,https://fam.state.gov/FAM/03FAM/03FAM7240.html
335,https://fam.state.gov/FAM/03FAM/03FAM7250.html
336,https://fam.state.gov/FAM/03FAM/03FAM7260.html
337,https://fam.state.gov/FAM/03FAM/03FAM7270.html
338,https://fam.state.gov/FAM/03FAM/03FAM7280.html
339,https://fam.state.gov/FAM/03FAM/03FAM7310.html
340,https://fam.state.gov/FAM/03FAM/03FAM7320.html
341,https://fam.state.gov/FAM/03FAM/03FAM7330.html
342,https://fam.state.gov/FAM/03FAM/03FAM7340.html
343,https://fam.state.gov/FAM/03FAM/03FAM7350.html
344,https://fam.state.gov/FAM/03FAM/03FAM7360.html
345,https://fam.state.gov/FAM/03FAM/03FAM7370.html
346,https://fam.state.gov/FAM/03FAM/03FAM7380.html
347,https://fam.state.gov/FAM/03FAM/03FAM7390.html
348,https://fam.state.gov/FAM/03FAM/03FAM7410.html
349,https://fam.state.gov/FAM/03FAM/03FAM7420.html
350,https://fam.state.gov/FAM/03FAM/03FAM7430.html
351,https://fam.state.gov/FAM/03FAM/03FAM7440.html
352,https://fam.state.gov/FAM/03FAM/03FAM7450.html
353,https://fam.state.gov/FAM/03FAM/03FAM7460.html
354,https://fam.state.gov/FAM/03FAM/03FAM7470.html
355,https://fam.state.gov/FAM/03FAM/03FAM7480.html
356,https://fam.state.gov/FAM/03FAM/03FAM7510.html
357,https://fam.state.gov/FAM/03FAM/03FAM7520.html
358,https://fam.state.gov/FAM/03FAM/03FAM7530.html
359,https://fam.state.gov/FAM/03FAM/03FAM7540.html
360,https://fam.state.gov/FAM/03FAM/03FAM7550.html
361,https://fam.state.gov/FAM/03FAM/03FAM7560.html
362,https://fam.state.gov/FAM/03FAM/03FAM7570.html
363,https://fam.state.gov/FAM/03FAM/03FAM7580.html
364,https://fam.state.gov/FAM/03FAM/03FAM7590.html
365,https://fam.state.gov/FAM/03FAM/03FAM7610.html
366,https://fam.state.gov/FAM/03FAM/03FAM7620.html
367,https://fam.state.gov/FAM/03FAM/03FAM7630.html
368,https://fam.state.gov/FAM/03FAM/03FAM7710.html
369,https://fam.state.gov/FAM/03FAM/03FAM7720.html
370,https://fam.state.gov/FAM/03FAM/03FAM7730.html
371,https://fam.state.gov/FAM/03FAM/03FAM7740.html
372,https://fam.state.gov/FAM/03FAM/03FAM7750.html
373,https://fam.state.gov/FAM/03FAM/03FAM7760.html
374,https://fam.state.gov/FAM/03FAM/03FAM8110.html
375,https://fam.state.gov/FAM/03FAM/03FAM8210.html
376,https://fam.state.gov/FAM/03FAM/03FAM8220.html
377,https://fam.state.gov/FAM/03FAM/03FAM8310.html
378,https://fam.state.gov/FAM/03FAM/03FAM8320.html
379,https://fam.state.gov/FAM/03FAM/03FAM8910.html
380,https://fam.state.gov/FAM/03FAM/03FAM9110.html
381,https://fam.state.gov/FAM/03FAM/03FAM9120.html
382,https://fam.state.gov/FAM/03FAM/03FAM9130.html
383,https://fam.state.gov/FAM/04FAH01/04FAH010110.html
384,https://fam.state.gov/FAM/04FAH01/04FAH010210.html
385,https://fam.state.gov/FAM/04FAH01/04FAH010220.html
386,https://fam.state.gov/FAM/04FAH01/04FAH010230.html
387,https://fam.state.gov/FAM/04FAH01/04FAH010240.html
388,https://fam.state.gov/FAM/04FAH01/04FAH010250.html
389,https://fam.state.gov/FAM/04FAH01/04FAH010260.html
390,https://fam.state.gov/FAM/04FAH01/04FAH010270.html
391,https://fam.state.gov/FAM/04FAH01/04FAH010280.html
392,https://fam.state.gov/FAM/04FAH01/04FAH010290.html
393,https://fam.state.gov/FAM/04FAH01/04FAH010310.html
394,https://fam.state.gov/FAM/04FAH01/04FAH010320.html
395,https://fam.state.gov/FAM/04FAH01/04FAH010330.html
396,https://fam.state.gov/FAM/04FAH01/04FAH010410.html
397,https://fam.state.gov/FAM/04FAH01/04FAH010420.html
398,https://fam.state.gov/FAM/04FAH01/04FAH010430.html
399,https://fam.state.gov/FAM/04FAH01/04FAH010440.html
400,https://fam.state.gov/FAM/04FAH01/04FAH010450.html
401,https://fam.state.gov/FAM/04FAH01/04FAH010510.html
402,https://fam.state.gov/FAM/04FAH01/04FAH010520.html
403,https://fam.state.gov/FAM/04FAH01/04FAH010540.html
404,https://fam.state.gov/FAM/04FAH01/04FAH010610.html
405,https://fam.state.gov/FAM/04FAH01/04FAH010620.html
406,https://fam.state.gov/FAM/04FAH01/04FAH010710.html
407,https://fam.state.gov/FAM/04FAH01/04FAH010720.html
408,https://fam.state.gov/FAM/04FAH01/04FAH010730.html
409,https://fam.state.gov/FAM/04FAH01/04FAH010810.html
410,https://fam.state.gov/FAM/04FAH01/04FAH010820.html
411,https://fam.state.gov/FAM/04FAH01/04FAH010830.html
412,https://fam.state.gov/FAM/04FAH01/04FAH010920.html
413,https://fam.state.gov/FAM/04FAH02/04FAH020110.html
414,https://fam.state.gov/FAM/04FAH02/04FAH020120.html
415,https://fam.state.gov/FAM/04FAH02/04FAH020130.html
416,https://fam.state.gov/FAM/04FAH02/04FAH020210.html
417,https://fam.state.gov/FAM/04FAH02/04FAH020220.html
418,https://fam.state.gov/FAM/04FAH02/04FAH020230.html
419,https://fam.state.gov/FAM/04FAH02/04FAH020310.html
420,https://fam.state.gov/FAM/04FAH02/04FAH020410.html
421,https://fam.state.gov/FAM/04FAH02/04FAH020420.html
422,https://fam.state.gov/FAM/04FAH02/04FAH020510.html
423,https://fam.state.gov/FAM/04FAH02/04FAH020610.html
424,https://fam.state.gov/FAM/04FAH02/04FAH020620.html
425,https://fam.state.gov/FAM/04FAH02/04FAH020630.html
426,https://fam.state.gov/FAM/04FAH02/04FAH020710.html
427,https://fam.state.gov/FAM/04FAH02/04FAH020720.html
428,https://fam.state.gov/FAM/04FAH02/04FAH020730.html
429,https://fam.state.gov/FAM/04FAH02/04FAH020740.html
430,https://fam.state.gov/FAM/04FAH02/04FAH020810.html
431,https://fam.state.gov/FAM/04FAH02/04FAH020820.html
432,https://fam.state.gov/FAM/04FAH02/04FAH020830.html
433,https://fam.state.gov/FAM/04FAH02/04FAH020910.html
434,https://fam.state.gov/FAM/04FAH03/04FAH030110.html
435,https://fam.state.gov/FAM/04FAH03/04FAH030120.html
436,https://fam.state.gov/FAM/04FAH03/04FAH030130.html
437,https://fam.state.gov/FAM/04FAH03/04FAH030140.html
438,https://fam.state.gov/FAM/04FAH03/04FAH030150.html
439,https://fam.state.gov/FAM/04FAH03/04FAH030160.html
440,https://fam.state.gov/FAM/04FAH03/04FAH030470.html
441,https://fam.state.gov/FAM/04FAH03/04FAH030510.html
442,https://fam.state.gov/FAM/04FAH03/04FAH030520.html
443,https://fam.state.gov/FAM/04FAH03/04FAH030530.html
444,https://fam.state.gov/FAM/04FAH03/04FAH030540.html
445,https://fam.state.gov/FAM/04FAH03/04FAH030550.html
446,https://fam.state.gov/FAM/04FAH03/04FAH030610.html
447,https://fam.state.gov/FAM/04FAH03/04FAH030620.html
448,https://fam.state.gov/FAM/04FAH03/04FAH030630.html
449,https://fam.state.gov/FAM/04FAH03/04FAH030640.html
450,https://fam.state.gov/FAM/04FAH03/04FAH030650.html
451,https://fam.state.gov/FAM/04FAH03/04FAH030660.html
452,https://fam.state.gov/FAM/04FAH03/04FAH030670.html
453,https://fam.state.gov/FAM/04FAH03/04FAH030680.html
454,https://fam.state.gov/FAM/04FAM/04FAM0010.html
455,https://fam.state.gov/FAM/04FAM/04FAM0020.html
456,https://fam.state.gov/FAM/04FAM/04FAM0030.html
457,https://fam.state.gov/FAM/04FAM/04FAM0040.html
458,https://fam.state.gov/FAM/04FAM/04FAM0050.html
459,https://fam.state.gov/FAM/04FAM/04FAM0060.html
460,https://fam.state.gov/FAM/04FAM/04FAM0080.html
461,https://fam.state.gov/FAM/04FAM/04FAM0110.html
462,https://fam.state.gov/FAM/04FAM/04FAM0210.html
463,https://fam.state.gov/FAM/04FAM/04FAM0220.html
464,https://fam.state.gov/FAM/04FAM/04FAM0230.html
465,https://fam.state.gov/FAM/04FAM/04FAM0240.html
466,https://fam.state.gov/FAM/04FAM/04FAM0250.html
467,https://fam.state.gov/FAM/04FAM/04FAM0270.html
468,https://fam.state.gov/FAM/04FAM/04FAM0310.html
469,https://fam.state.gov/FAM/04FAM/04FAM0320.html
470,https://fam.state.gov/FAM/04FAM/04FAM0330.html
471,https://fam.state.gov/FAM/04FAM/04FAM0340.html
472,https://fam.state.gov/FAM/04FAM/04FAM0350.html
473,https://fam.state.gov/FAM/04FAM/04FAM0360.html
474,https://fam.state.gov/FAM/04FAM/04FAM0370.html
475,https://fam.state.gov/FAM/04FAM/04FAM0380.html
476,https://fam.state.gov/FAM/04FAM/04FAM0390.html
477,https://fam.state.gov/FAM/04FAM/04FAM0410.html
478,https://fam.state.gov/FAM/04FAM/04FAM0420.html
479,https://fam.state.gov/FAM/04FAM/04FAM0430.html
480,https://fam.state.gov/FAM/04FAM/04FAM0440.html
481,https://fam.state.gov/FAM/04FAM/04FAM0450.html
482,https://fam.state.gov/FAM/04FAM/04FAM0460.html
483,https://fam.state.gov/FAM/04FAM/04FAM0470.html
484,https://fam.state.gov/FAM/04FAM/04FAM0480.html
485,https://fam.state.gov/FAM/04FAM/04FAM0490.html
486,https://fam.state.gov/FAM/04FAM/04FAM0510.html
487,https://fam.state.gov/FAM/04FAM/04FAM0610.html
488,https://fam.state.gov/FAM/04FAM/04FAM0620.html
489,https://fam.state.gov/FAM/04FAM/04FAM0630.html
490,https://fam.state.gov/FAM/04FAM/04FAM0640.html
491,https://fam.state.gov/FAM/04FAM/04FAM0650.html
492,https://fam.state.gov/FAM/04FAM/04FAM0690.html
493,https://fam.state.gov/FAM/04FAM/04FAM0730.html
494,https://fam.state.gov/FAM/04FAM/04FAM0810.html
495,https://fam.state.gov/FAM/04FAM/04FAM0820.html
496,https://fam.state.gov/FAM/04FAM/04FAM0830.html
497,https://fam.state.gov/FAM/04FAM/04FAM0840.html
498,https://fam.state.gov/FAM/04FAM/04FAM0850.html
499,https://fam.state.gov/FAM/05FAH01/05FAH010110.html
500,https://fam.state.gov/FAM/05FAH01/05FAH010120.html
501,https://fam.state.gov/FAM/05FAH01/05FAH010130.html
502,https://fam.state.gov/FAM/05FAH01/05FAH010140.html
503,https://fam.state.gov/FAM/05FAH01/05FAH010210.html
504,https://fam.state.gov/FAM/05FAH01/05FAH010230.html
505,https://fam.state.gov/FAM/05FAH01/05FAH010240.html
506,https://fam.state.gov/FAM/05FAH01/05FAH010310.html
507,https://fam.state.gov/FAM/05FAH01/05FAH010320.html
508,https://fam.state.gov/FAM/05FAH01/05FAH010410.html
509,https://fam.state.gov/FAM/05FAH01/05FAH010420.html
510,https://fam.state.gov/FAM/05FAH01/05FAH010510.html
511,https://fam.state.gov/FAM/05FAH01/05FAH010520.html
512,https://fam.state.gov/FAM/05FAH01/05FAH010610.html
513,https://fam.state.gov/FAM/05FAH01/05FAH010620.html
514,https://fam.state.gov/FAM/05FAH01/05FAH010810.html
515,https://fam.state.gov/FAM/05FAH01/05FAH010820.html
516,https://fam.state.gov/FAM/05FAH01/05FAH010910.html
517,https://fam.state.gov/FAM/05FAH01/05FAH011010.html
518,https://fam.state.gov/FAM/05FAH01/05FAH011020.html
519,https://fam.state.gov/FAM/05FAH01/05FAH011030.html
520,https://fam.state.gov/FAM/05FAH02/05FAH020110.html
521,https://fam.state.gov/FAM/05FAH02/05FAH020120.html
522,https://fam.state.gov/FAM/05FAH02/05FAH020250.html
523,https://fam.state.gov/FAM/05FAH02/05FAH020410.html
524,https://fam.state.gov/FAM/05FAH02/05FAH020420.html
525,https://fam.state.gov/FAM/05FAH02/05FAH020430.html
526,https://fam.state.gov/FAM/05FAH02/05FAH020440.html
527,https://fam.state.gov/FAM/05FAH02/05FAH020510.html
528,https://fam.state.gov/FAM/05FAH02/05FAH020610.html
529,https://fam.state.gov/FAM/05FAH02/05FAH020620.html
530,https://fam.state.gov/FAM/05FAH02/05FAH020650.html
531,https://fam.state.gov/FAM/05FAH02/05FAH020710.html
532,https://fam.state.gov/FAM/05FAH02/05FAH020720.html
533,https://fam.state.gov/FAM/05FAH02/05FAH020730.html
534,https://fam.state.gov/FAM/05FAH02/05FAH020740.html
535,https://fam.state.gov/FAM/05FAH02/05FAH020750.html
536,https://fam.state.gov/FAM/05FAH02/05FAH020760.html
537,https://fam.state.gov/FAM/05FAH02/05FAH020770.html
538,https://fam.state.gov/FAM/05FAH02/05FAH020810.html
539,https://fam.state.gov/FAM/05FAH02/05FAH020820.html
540,https://fam.state.gov/FAM/05FAH02/05FAH020830.html
541,https://fam.state.gov/FAM/05FAH02/05FAH020840.html
542,https://fam.state.gov/FAM/05FAH02/05FAH020850.html
543,https://fam.state.gov/FAM/05FAH02/05FAH020860.html
544,https://fam.state.gov/FAM/05FAH03/05FAH030010.html
545,https://fam.state.gov/FAM/05FAH03/05FAH030110.html
546,https://fam.state.gov/FAM/05FAH03/05FAH030210.html
547,https://fam.state.gov/FAM/05FAH03/05FAH030310.html
548,https://fam.state.gov/FAM/05FAH03/05FAH030410.html
549,https://fam.state.gov/FAM/05FAH03/05FAH030510.html
550,https://fam.state.gov/FAM/05FAH03/05FAH030610.html
551,https://fam.state.gov/FAM/05FAH03/05FAH030710.html
552,https://fam.state.gov/FAM/05FAH03/05FAH030810.html
553,https://fam.state.gov/FAM/05FAH04/05FAH040110.html
554,https://fam.state.gov/FAM/05FAH04/05FAH040210.html
555,https://fam.state.gov/FAM/05FAH04/05FAH040310.html
556,https://fam.state.gov/FAM/05FAH04/05FAH040320.html
557,https://fam.state.gov/FAM/05FAH04/05FAH040410.html
558,https://fam.state.gov/FAM/05FAH04/05FAH040420.html
559,https://fam.state.gov/FAM/05FAH04/05FAH040510.html
560,https://fam.state.gov/FAM/05FAH04/05FAH040610.html
561,https://fam.state.gov/FAM/05FAH04/05FAH040710.html
562,https://fam.state.gov/FAM/05FAH04/05FAH040810.html
563,https://fam.state.gov/FAM/05FAH05/05FAH050110.html
564,https://fam.state.gov/FAM/05FAH05/05FAH050120.html
565,https://fam.state.gov/FAM/05FAH05/05FAH050210.html
566,https://fam.state.gov/FAM/05FAH05/05FAH050310.html
567,https://fam.state.gov/FAM/05FAH05/05FAH050320.html
568,https://fam.state.gov/FAM/05FAH05/05FAH050410.html
569,https://fam.state.gov/FAM/05FAH05/05FAH050510.html
570,https://fam.state.gov/FAM/05FAH05/05FAH050520.html
571,https://fam.state.gov/FAM/05FAH05/05FAH050530.html
572,https://fam.state.gov/FAM/05FAH05/05FAH050540.html
573,https://fam.state.gov/FAM/05FAH05/05FAH050610.html
574,https://fam.state.gov/FAM/05FAH05/05FAH050620.html
575,https://fam.state.gov/FAM/05FAH07/05FAH070110.html
576,https://fam.state.gov/FAM/05FAH07/05FAH070120.html
577,https://fam.state.gov/FAM/05FAH07/05FAH070130.html
578,https://fam.state.gov/FAM/05FAH07/05FAH070140.html
579,https://fam.state.gov/FAM/05FAH07/05FAH070150.html
580,https://fam.state.gov/FAM/05FAH08/05FAH080110.html
581,https://fam.state.gov/FAM/05FAH08/05FAH080210.html
582,https://fam.state.gov/FAM/05FAH08/05FAH080310.html
583,https://fam.state.gov/FAM/05FAH08/05FAH080330.html
584,https://fam.state.gov/FAM/05FAH08/05FAH080340.html
585,https://fam.state.gov/FAM/05FAH08/05FAH080350.html
586,https://fam.state.gov/FAM/05FAH08/05FAH080410.html
587,https://fam.state.gov/FAM/05FAH08/05FAH080420.html
588,https://fam.state.gov/FAM/05FAH08/05FAH080440.html
589,https://fam.state.gov/FAM/05FAH08/05FAH080450.html
590,https://fam.state.gov/FAM/05FAH08/05FAH080510.html
591,https://fam.state.gov/FAM/05FAH08/05FAH080520.html
592,https://fam.state.gov/FAM/05FAH08/05FAH080610.html
593,https://fam.state.gov/FAM/05FAH11/05FAH110010.html
594,https://fam.state.gov/FAM/05FAH11/05FAH110110.html
595,https://fam.state.gov/FAM/05FAH11/05FAH110210.html
596,https://fam.state.gov/FAM/05FAH11/05FAH110410.html
597,https://fam.state.gov/FAM/05FAH11/05FAH110510.html
598,https://fam.state.gov/FAM/05FAH11/05FAH110810.html
599,https://fam.state.gov/FAM/05FAH11/05FAH110820.html
600,https://fam.state.gov/FAM/05FAH11/05FAH110830.html
601,https://fam.state.gov/FAM/05FAM/05FAM0110.html
602,https://fam.state.gov/FAM/05FAM/05FAM0120.html
603,https://fam.state.gov/FAM/05FAM/05FAM0130.html
604,https://fam.state.gov/FAM/05FAM/05FAM0140.html
605,https://fam.state.gov/FAM/05FAM/05FAM0150.html
606,https://fam.state.gov/FAM/05FAM/05FAM0160.html
607,https://fam.state.gov/FAM/05FAM/05FAM0210.html
608,https://fam.state.gov/FAM/05FAM/05FAM0220.html
609,https://fam.state.gov/FAM/05FAM/05FAM0230.html
610,https://fam.state.gov/FAM/05FAM/05FAM0310.html
611,https://fam.state.gov/FAM/05FAM/05FAM0410.html
612,https://fam.state.gov/FAM/05FAM/05FAM0420.html
613,https://fam.state.gov/FAM/05FAM/05FAM0430.html
614,https://fam.state.gov/FAM/05FAM/05FAM0440.html
615,https://fam.state.gov/FAM/05FAM/05FAM0450.html
616,https://fam.state.gov/FAM/05FAM/05FAM0460.html
617,https://fam.state.gov/FAM/05FAM/05FAM0470.html
618,https://fam.state.gov/FAM/05FAM/05FAM0480.html
619,https://fam.state.gov/FAM/05FAM/05FAM0490.html
620,https://fam.state.gov/FAM/05FAM/05FAM0510.html
621,https://fam.state.gov/FAM/05FAM/05FAM0520.html
622,https://fam.state.gov/FAM/05FAM/05FAM0530.html
623,https://fam.state.gov/FAM/05FAM/05FAM0540.html
624,https://fam.state.gov/FAM/05FAM/05FAM0550.html
625,https://fam.state.gov/FAM/05FAM/05FAM0560.html
626,https://fam.state.gov/FAM/05FAM/05FAM0570.html
627,https://fam.state.gov/FAM/05FAM/05FAM0580.html
628,https://fam.state.gov/FAM/05FAM/05FAM0590.html
629,https://fam.state.gov/FAM/05FAM/05FAM0610.html
630,https://fam.state.gov/FAM/05FAM/05FAM0620.html
631,https://fam.state.gov/FAM/05FAM/05FAM0640.html
632,https://fam.state.gov/FAM/05FAM/05FAM0650.html
633,https://fam.state.gov/FAM/05FAM/05FAM0660.html
634,https://fam.state.gov/FAM/05FAM/05FAM0670.html
635,https://fam.state.gov/FAM/05FAM/05FAM0680.html
636,https://fam.state.gov/FAM/05FAM/05FAM0690.html
637,https://fam.state.gov/FAM/05FAM/05FAM0710.html
638,https://fam.state.gov/FAM/05FAM/05FAM0720.html
639,https://fam.state.gov/FAM/05FAM/05FAM0730.html
640,https://fam.state.gov/FAM/05FAM/05FAM0740.html
641,https://fam.state.gov/FAM/05FAM/05FAM0750.html
642,https://fam.state.gov/FAM/05FAM/05FAM0760.html
643,https://fam.state.gov/FAM/05FAM/05FAM0770.html
644,https://fam.state.gov/FAM/05FAM/05FAM0780.html
645,https://fam.state.gov/FAM/05FAM/05FAM0790.html
646,https://fam.state.gov/FAM/05FAM/05FAM0810.html
647,https://fam.state.gov/FAM/05FAM/05FAM0820.html
648,https://fam.state.gov/FAM/05FAM/05FAM0830.html
649,https://fam.state.gov/FAM/05FAM/05FAM0840.html
650,https://fam.state.gov/FAM/05FAM/05FAM0850.html
651,https://fam.state.gov/FAM/05FAM/05FAM0860.html
652,https://fam.state.gov/FAM/05FAM/05FAM0870.html
653,https://fam.state.gov/FAM/05FAM/05FAM0880.html
654,https://fam.state.gov/FAM/05FAM/05FAM0890.html
655,https://fam.state.gov/FAM/05FAM/05FAM0910.html
656,https://fam.state.gov/FAM/05FAM/05FAM0920.html
657,https://fam.state.gov/FAM/05FAM/05FAM1010.html
658,https://fam.state.gov/FAM/05FAM/05FAM1040.html
659,https://fam.state.gov/FAM/05FAM/05FAM1060.html
660,https://fam.state.gov/FAM/05FAM/05FAM1110.html
661,https://fam.state.gov/FAM/05FAM/05FAM1210.html
662,https://fam.state.gov/FAM/05FAM/05FAM1310.html
663,https://fam.state.gov/FAM/05FAM/05FAM1410.html
664,https://fam.state.gov/FAM/05FAM/05FAM1420.html
665,https://fam.state.gov/FAM/05FAM/05FAM1430.html
666,https://fam.state.gov/FAM/05FAM/05FAM1680.html
667,https://fam.state.gov/FAM/06FAH05/06FAH050010.html
668,https://fam.state.gov/FAM/06FAH05/06FAH050020.html
669,https://fam.state.gov/FAM/06FAH05/06FAH050030.html
670,https://fam.state.gov/FAM/06FAH05/06FAH050050.html
671,https://fam.state.gov/FAM/06FAH05/06FAH050210.html
672,https://fam.state.gov/FAM/06FAH05/06FAH050220.html
673,https://fam.state.gov/FAM/06FAH05/06FAH050310.html
674,https://fam.state.gov/FAM/06FAH05/06FAH050320.html
675,https://fam.state.gov/FAM/06FAH05/06FAH050330.html
676,https://fam.state.gov/FAM/06FAH05/06FAH050340.html
677,https://fam.state.gov/FAM/06FAH05/06FAH050350.html
678,https://fam.state.gov/FAM/06FAH05/06FAH050360.html
679,https://fam.state.gov/FAM/06FAH05/06FAH050370.html
680,https://fam.state.gov/FAM/06FAH05/06FAH050380.html
681,https://fam.state.gov/FAM/06FAH05/06FAH050390.html
682,https://fam.state.gov/FAM/06FAH05/06FAH050410.html
683,https://fam.state.gov/FAM/06FAH05/06FAH050420.html
684,https://fam.state.gov/FAM/06FAH05/06FAH050430.html
685,https://fam.state.gov/FAM/06FAH05/06FAH050440.html
686,https://fam.state.gov/FAM/06FAH05/06FAH050450.html
687,https://fam.state.gov/FAM/06FAH05/06FAH050460.html
688,https://fam.state.gov/FAM/06FAH05/06FAH050480.html
689,https://fam.state.gov/FAM/06FAH05/06FAH050490.html
690,https://fam.state.gov/FAM/06FAH05/06FAH050510.html
691,https://fam.state.gov/FAM/06FAH05/06FAH050520.html
692,https://fam.state.gov/FAM/06FAM/06FAM0250.html
693,https://fam.state.gov/FAM/06FAM/06FAM0410.html
694,https://fam.state.gov/FAM/06FAM/06FAM0510.html
695,https://fam.state.gov/FAM/06FAM/06FAM0520.html
696,https://fam.state.gov/FAM/06FAM/06FAM0530.html
697,https://fam.state.gov/FAM/06FAM/06FAM0540.html
698,https://fam.state.gov/FAM/06FAM/06FAM0550.html
699,https://fam.state.gov/FAM/06FAM/06FAM0560.html
700,https://fam.state.gov/FAM/06FAM/06FAM0910.html
701,https://fam.state.gov/FAM/06FAM/06FAM1030.html
702,https://fam.state.gov/FAM/06FAM/06FAM1040.html
703,https://fam.state.gov/FAM/06FAM/06FAM1510.html
704,https://fam.state.gov/FAM/06FAM/06FAM1520.html
705,https://fam.state.gov/FAM/06FAM/06FAM1530.html
706,https://fam.state.gov/FAM/06FAM/06FAM1540.html
707,https://fam.state.gov/FAM/06FAM/06FAM1550.html
708,https://fam.state.gov/FAM/06FAM/06FAM1710.html
709,https://fam.state.gov/FAM/06FAM/06FAM1720.html
710,https://fam.state.gov/FAM/06FAM/06FAM1750.html
711,https://fam.state.gov/FAM/06FAM/06FAM1760.html
712,https://fam.state.gov/FAM/06FAM/06FAM1770.html
713,https://fam.state.gov/FAM/06FAM/06FAM1780.html
714,https://fam.state.gov/FAM/06FAM/06FAM1790.html
715,https://fam.state.gov/FAM/06FAM/06FAM1920.html
716,https://fam.state.gov/FAM/06FAM/06FAM1930.html
717,https://fam.state.gov/FAM/06FAM/06FAM1940.html
718,https://fam.state.gov/FAM/07FAM/07FAM0010.html
719,https://fam.state.gov/FAM/07FAM/07FAM0020.html
720,https://fam.state.gov/FAM/07FAM/07FAM0030.html
721,https://fam.state.gov/FAM/07FAM/07FAM0040.html
722,https://fam.state.gov/FAM/07FAM/07FAM0050.html
723,https://fam.state.gov/FAM/07FAM/07FAM0060.html
724,https://fam.state.gov/FAM/07FAM/07FAM0080.html
725,https://fam.state.gov/FAM/07FAM/07FAM0090.html
726,https://fam.state.gov/FAM/07FAM/07FAM0120.html
727,https://fam.state.gov/FAM/07FAM/07FAM0130.html
728,https://fam.state.gov/FAM/07FAM/07FAM0140.html
729,https://fam.state.gov/FAM/07FAM/07FAM0150.html
730,https://fam.state.gov/FAM/07FAM/07FAM0160.html
731,https://fam.state.gov/FAM/07FAM/07FAM0170.html
732,https://fam.state.gov/FAM/07FAM/07FAM0180.html
733,https://fam.state.gov/FAM/07FAM/07FAM0210.html
734,https://fam.state.gov/FAM/07FAM/07FAM0220.html
735,https://fam.state.gov/FAM/07FAM/07FAM0230.html
736,https://fam.state.gov/FAM/07FAM/07FAM0240.html
737,https://fam.state.gov/FAM/07FAM/07FAM0250.html
738,https://fam.state.gov/FAM/07FAM/07FAM0260.html
739,https://fam.state.gov/FAM/07FAM/07FAM0270.html
740,https://fam.state.gov/FAM/07FAM/07FAM0280.html
741,https://fam.state.gov/FAM/07FAM/07FAM0290.html
742,https://fam.state.gov/FAM/07FAM/07FAM0310.html
743,https://fam.state.gov/FAM/07FAM/07FAM0320.html
744,https://fam.state.gov/FAM/07FAM/07FAM0330.html
745,https://fam.state.gov/FAM/07FAM/07FAM0340.html
746,https://fam.state.gov/FAM/07FAM/07FAM0350.html
747,https://fam.state.gov/FAM/07FAM/07FAM0360.html
748,https://fam.state.gov/FAM/07FAM/07FAM0370.html
749,https://fam.state.gov/FAM/07FAM/07FAM0380.html
750,https://fam.state.gov/FAM/07FAM/07FAM0390.html
751,https://fam.state.gov/FAM/07FAM/07FAM0410.html
752,https://fam.state.gov/FAM/07FAM/07FAM0420.html
753,https://fam.state.gov/FAM/07FAM/07FAM0430.html
754,https://fam.state.gov/FAM/07FAM/07FAM0440.html
755,https://fam.state.gov/FAM/07FAM/07FAM0450.html
756,https://fam.state.gov/FAM/07FAM/07FAM0460.html
757,https://fam.state.gov/FAM/07FAM/07FAM0470.html
758,https://fam.state.gov/FAM/07FAM/07FAM0480.html
759,https://fam.state.gov/FAM/07FAM/07FAM0490.html
760,https://fam.state.gov/FAM/07FAM/07FAM0510.html
761,https://fam.state.gov/FAM/07FAM/07FAM0520.html
762,https://fam.state.gov/FAM/07FAM/07FAM0530.html
763,https://fam.state.gov/FAM/07FAM/07FAM0540.html
764,https://fam.state.gov/FAM/07FAM/07FAM0550.html
765,https://fam.state.gov/FAM/07FAM/07FAM0560.html
766,https://fam.state.gov/FAM/07FAM/07FAM0570.html
767,https://fam.state.gov/FAM/07FAM/07FAM0580.html
768,https://fam.state.gov/FAM/07FAM/07FAM0590.html
769,https://fam.state.gov/FAM/07FAM/07FAM0610.html
770,https://fam.state.gov/FAM/07FAM/07FAM0620.html
771,https://fam.state.gov/FAM/07FAM/07FAM0630.html
772,https://fam.state.gov/FAM/07FAM/07FAM0640.html
773,https://fam.state.gov/FAM/07FAM/07FAM0650.html
774,https://fam.state.gov/FAM/07FAM/07FAM0660.html
775,https://fam.state.gov/FAM/07FAM/07FAM0670.html
776,https://fam.state.gov/FAM/07FAM/07FAM0680.html
777,https://fam.state.gov/FAM/07FAM/07FAM0690.html
778,https://fam.state.gov/FAM/07FAM/07FAM0710.html
779,https://fam.state.gov/FAM/07FAM/07FAM0720.html
780,https://fam.state.gov/FAM/07FAM/07FAM0730.html
781,https://fam.state.gov/FAM/07FAM/07FAM0740.html
782,https://fam.state.gov/FAM/07FAM/07FAM0750.html
783,https://fam.state.gov/FAM/07FAM/07FAM0760.html
784,https://fam.state.gov/FAM/07FAM/07FAM0770.html
785,https://fam.state.gov/FAM/07FAM/07FAM0780.html
786,https://fam.state.gov/FAM/07FAM/07FAM0790.html
787,https://fam.state.gov/FAM/07FAM/07FAM0810.html
788,https://fam.state.gov/FAM/07FAM/07FAM0820.html
789,https://fam.state.gov/FAM/07FAM/07FAM0830.html
790,https://fam.state.gov/FAM/07FAM/07FAM0840.html
791,https://fam.state.gov/FAM/07FAM/07FAM0850.html
792,https://fam.state.gov/FAM/07FAM/07FAM0860.html
793,https://fam.state.gov/FAM/07FAM/07FAM0870.html
794,https://fam.state.gov/FAM/07FAM/07FAM0880.html
795,https://fam.state.gov/FAM/07FAM/07FAM0890.html
796,https://fam.state.gov/FAM/07FAM/07FAM0910.html
797,https://fam.state.gov/FAM/07FAM/07FAM0920.html
798,https://fam.state.gov/FAM/07FAM/07FAM0930.html
799,https://fam.state.gov/FAM/07FAM/07FAM0940.html
800,https://fam.state.gov/FAM/07FAM/07FAM0950.html
801,https://fam.state.gov/FAM/07FAM/07FAM0960.html
802,https://fam.state.gov/FAM/07FAM/07FAM0970.html
803,https://fam.state.gov/FAM/07FAM/07FAM0980.html
804,https://fam.state.gov/FAM/07FAM/07FAM0990.html
805,https://fam.state.gov/FAM/07FAM/07FAM1010.html
806,https://fam.state.gov/FAM/07FAM/07FAM1020.html
807,https://fam.state.gov/FAM/07FAM/07FAM1030.html
808,https://fam.state.gov/FAM/07FAM/07FAM1040.html
809,https://fam.state.gov/FAM/07FAM/07FAM1050.html
810,https://fam.state.gov/FAM/07FAM/07FAM1060.html
811,https://fam.state.gov/FAM/07FAM/07FAM1070.html
812,https://fam.state.gov/FAM/07FAM/07FAM1210.html
813,https://fam.state.gov/FAM/07FAM/07FAM1220.html
814,https://fam.state.gov/FAM/07FAM/07FAM1230.html
815,https://fam.state.gov/FAM/07FAM/07FAM1240.html
816,https://fam.state.gov/FAM/07FAM/07FAM1250.html
817,https://fam.state.gov/FAM/07FAM/07FAM1260.html
818,https://fam.state.gov/FAM/07FAM/07FAM1270.html
819,https://fam.state.gov/FAM/07FAM/07FAM1280.html
820,https://fam.state.gov/FAM/07FAM/07FAM1290.html
821,https://fam.state.gov/FAM/07FAM/07FAM1410.html
822,https://fam.state.gov/FAM/07FAM/07FAM1420.html
823,https://fam.state.gov/FAM/07FAM/07FAM1430.html
824,https://fam.state.gov/FAM/07FAM/07FAM1450.html
825,https://fam.state.gov/FAM/07FAM/07FAM1460.html
826,https://fam.state.gov/FAM/07FAM/07FAM1470.html
827,https://fam.state.gov/FAM/07FAM/07FAM1510.html
828,https://fam.state.gov/FAM/07FAM/07FAM1520.html
829,https://fam.state.gov/FAM/07FAM/07FAM1530.html
830,https://fam.state.gov/FAM/07FAM/07FAM1540.html
831,https://fam.state.gov/FAM/07FAM/07FAM1550.html
832,https://fam.state.gov/FAM/07FAM/07FAM1560.html
833,https://fam.state.gov/FAM/07FAM/07FAM1570.html
834,https://fam.state.gov/FAM/07FAM/07FAM1610.html
835,https://fam.state.gov/FAM/07FAM/07FAM1620.html
836,https://fam.state.gov/FAM/07FAM/07FAM1630.html
837,https://fam.state.gov/FAM/07FAM/07FAM1640.html
838,https://fam.state.gov/FAM/07FAM/07FAM1710.html
839,https://fam.state.gov/FAM/07FAM/07FAM1720.html
840,https://fam.state.gov/FAM/07FAM/07FAM1730.html
841,https://fam.state.gov/FAM/07FAM/07FAM1740.html
842,https://fam.state.gov/FAM/07FAM/07FAM1750.html
843,https://fam.state.gov/FAM/07FAM/07FAM1760.html
844,https://fam.state.gov/FAM/07FAM/07FAM1770.html
845,https://fam.state.gov/FAM/07FAM/07FAM1780.html
846,https://fam.state.gov/FAM/07FAM/07FAM1790.html
847,https://fam.state.gov/FAM/07FAM/07FAM1810.html
848,https://fam.state.gov/FAM/07FAM/07FAM1830.html
849,https://fam.state.gov/FAM/07FAM/07FAM1840.html
850,https://fam.state.gov/FAM/07FAM/07FAM1870.html
851,https://fam.state.gov/FAM/07FAM/07FAM1880.html
852,https://fam.state.gov/FAM/07FAM/07FAM1890.html
853,https://fam.state.gov/FAM/07FAM/07FAM1910.html
854,https://fam.state.gov/FAM/07FAM/07FAM1920.html
855,https://fam.state.gov/FAM/07FAM/07FAM1930.html
856,https://fam.state.gov/FAM/07FAM/07FAM1940.html
857,https://fam.state.gov/FAM/07FAM/07FAM1950.html
858,https://fam.state.gov/FAM/07FAM/07FAM1960.html
859,https://fam.state.gov/FAM/07FAM/07FAM1970.html
860,https://fam.state.gov/FAM/08FAM/08FAM010101.html
861,https://fam.state.gov/FAM/08FAM/08FAM010102.html
862,https://fam.state.gov/FAM/08FAM/08FAM010201.html
863,https://fam.state.gov/FAM/08FAM/08FAM010202.html
864,https://fam.state.gov/FAM/08FAM/08FAM010203.html
865,https://fam.state.gov/FAM/08FAM/08FAM010204.html
866,https://fam.state.gov/FAM/08FAM/08FAM010205.html
867,https://fam.state.gov/FAM/08FAM/08FAM010301.html
868,https://fam.state.gov/FAM/08FAM/08FAM010302.html
869,https://fam.state.gov/FAM/08FAM/08FAM010501.html
870,https://fam.state.gov/FAM/08FAM/08FAM030101.html
871,https://fam.state.gov/FAM/08FAM/08FAM030104.html
872,https://fam.state.gov/FAM/08FAM/08FAM030105.html
873,https://fam.state.gov/FAM/08FAM/08FAM030106.html
874,https://fam.state.gov/FAM/08FAM/08FAM030107.html
875,https://fam.state.gov/FAM/08FAM/08FAM030108.html
876,https://fam.state.gov/FAM/08FAM/08FAM030109.html
877,https://fam.state.gov/FAM/08FAM/08FAM030110.html
878,https://fam.state.gov/FAM/08FAM/08FAM030201.html
879,https://fam.state.gov/FAM/08FAM/08FAM030202.html
880,https://fam.state.gov/FAM/08FAM/08FAM030203.html
881,https://fam.state.gov/FAM/08FAM/08FAM030204.html
882,https://fam.state.gov/FAM/08FAM/08FAM030205.html
883,https://fam.state.gov/FAM/08FAM/08FAM030206.html
884,https://fam.state.gov/FAM/08FAM/08FAM030208.html
885,https://fam.state.gov/FAM/08FAM/08FAM030209.html
886,https://fam.state.gov/FAM/08FAM/08FAM030303.html
887,https://fam.state.gov/FAM/08FAM/08FAM030401.html
888,https://fam.state.gov/FAM/08FAM/08FAM030402.html
889,https://fam.state.gov/FAM/08FAM/08FAM030403.html
890,https://fam.state.gov/FAM/08FAM/08FAM030404.html
891,https://fam.state.gov/FAM/08FAM/08FAM030601.html
892,https://fam.state.gov/FAM/08FAM/08FAM030702.html
893,https://fam.state.gov/FAM/08FAM/08FAM030801.html
894,https://fam.state.gov/FAM/08FAM/08FAM030802.html
895,https://fam.state.gov/FAM/08FAM/08FAM030803.html
896,https://fam.state.gov/FAM/08FAM/08FAM030804.html
897,https://fam.state.gov/FAM/08FAM/08FAM030805.html
898,https://fam.state.gov/FAM/08FAM/08FAM030806.html
899,https://fam.state.gov/FAM/08FAM/08FAM030807.html
900,https://fam.state.gov/FAM/08FAM/08FAM030808.html
901,https://fam.state.gov/FAM/08FAM/08FAM030809.html
902,https://fam.state.gov/FAM/08FAM/08FAM040106.html
903,https://fam.state.gov/FAM/08FAM/08FAM040201.html
904,https://fam.state.gov/FAM/08FAM/08FAM040301.html
905,https://fam.state.gov/FAM/08FAM/08FAM040302.html
906,https://fam.state.gov/FAM/08FAM/08FAM040304.html
907,https://fam.state.gov/FAM/08FAM/08FAM050206.html
908,https://fam.state.gov/FAM/08FAM/08FAM050301.html
909,https://fam.state.gov/FAM/08FAM/08FAM050502.html
910,https://fam.state.gov/FAM/08FAM/08FAM050601.html
911,https://fam.state.gov/FAM/08FAM/08FAM050602.html
912,https://fam.state.gov/FAM/08FAM/08FAM050603.html
913,https://fam.state.gov/FAM/08FAM/08FAM050604.html
914,https://fam.state.gov/FAM/08FAM/08FAM060202.html
915,https://fam.state.gov/FAM/08FAM/08FAM060203.html
916,https://fam.state.gov/FAM/08FAM/08FAM060311.html
917,https://fam.state.gov/FAM/08FAM/08FAM060402.html
918,https://fam.state.gov/FAM/08FAM/08FAM070103.html
919,https://fam.state.gov/FAM/08FAM/08FAM070306.html
920,https://fam.state.gov/FAM/08FAM/08FAM070312.html
921,https://fam.state.gov/FAM/08FAM/08FAM070404.html
922,https://fam.state.gov/FAM/08FAM/08FAM070405.html
923,https://fam.state.gov/FAM/08FAM/08FAM080102.html
924,https://fam.state.gov/FAM/08FAM/08FAM100305.html
925,https://fam.state.gov/FAM/08FAM/08FAM100401.html
926,https://fam.state.gov/FAM/08FAM/08FAM120301.html
927,https://fam.state.gov/FAM/08FAM/08FAM120302.html
928,https://fam.state.gov/FAM/08FAM/08FAM120601.html
929,https://fam.state.gov/FAM/08FAM/08FAM120602.html
930,https://fam.state.gov/FAM/08FAM/08FAM120603.html
931,https://fam.state.gov/FAM/08FAM/08FAM120604.html
932,https://fam.state.gov/FAM/08FAM/08FAM130201.html
933,https://fam.state.gov/FAM/08FAM/08FAM130302.html
934,https://fam.state.gov/FAM/08FAM/08FAM130401.html
935,https://fam.state.gov/FAM/08FAM/08FAM130402.html
936,https://fam.state.gov/FAM/08FAM/08FAM130403.html
937,https://fam.state.gov/FAM/08FAM/08FAM130601.html
938,https://fam.state.gov/FAM/09FAM/09FAM010101.html
939,https://fam.state.gov/FAM/09FAM/09FAM010102.html
940,https://fam.state.gov/FAM/09FAM/09FAM010201.html
941,https://fam.state.gov/FAM/09FAM/09FAM010202.html
942,https://fam.state.gov/FAM/09FAM/09FAM010203.html
943,https://fam.state.gov/FAM/09FAM/09FAM010204.html
944,https://fam.state.gov/FAM/09FAM/09FAM010205.html
945,https://fam.state.gov/FAM/09FAM/09FAM010206.html
946,https://fam.state.gov/FAM/09FAM/09FAM010207.html
947,https://fam.state.gov/FAM/09FAM/09FAM010208.html
948,https://fam.state.gov/FAM/09FAM/09FAM010301.html
949,https://fam.state.gov/FAM/09FAM/09FAM010302.html
950,https://fam.state.gov/FAM/09FAM/09FAM010303.html
951,https://fam.state.gov/FAM/09FAM/09FAM010304.html
952,https://fam.state.gov/FAM/09FAM/09FAM020101.html
953,https://fam.state.gov/FAM/09FAM/09FAM020102.html
954,https://fam.state.gov/FAM/09FAM/09FAM020201.html
955,https://fam.state.gov/FAM/09FAM/09FAM020202.html
956,https://fam.state.gov/FAM/09FAM/09FAM020203.html
957,https://fam.state.gov/FAM/09FAM/09FAM020204.html
958,https://fam.state.gov/FAM/09FAM/09FAM020301.html
959,https://fam.state.gov/FAM/09FAM/09FAM020302.html
960,https://fam.state.gov/FAM/09FAM/09FAM020303.html
961,https://fam.state.gov/FAM/09FAM/09FAM020304.html
962,https://fam.state.gov/FAM/09FAM/09FAM020305.html
963,https://fam.state.gov/FAM/09FAM/09FAM020306.html
964,https://fam.state.gov/FAM/09FAM/09FAM020307.html
965,https://fam.state.gov/FAM/09FAM/09FAM030101.html
966,https://fam.state.gov/FAM/09FAM/09FAM030102.html
967,https://fam.state.gov/FAM/09FAM/09FAM030103.html
968,https://fam.state.gov/FAM/09FAM/09FAM030104.html
969,https://fam.state.gov/FAM/09FAM/09FAM030105.html
970,https://fam.state.gov/FAM/09FAM/09FAM030201.html
971,https://fam.state.gov/FAM/09FAM/09FAM030202.html
972,https://fam.state.gov/FAM/09FAM/09FAM030203.html
973,https://fam.state.gov/FAM/09FAM/09FAM030204.html
974,https://fam.state.gov/FAM/09FAM/09FAM030205.html
975,https://fam.state.gov/FAM/09FAM/09FAM030206.html
976,https://fam.state.gov/FAM/09FAM/09FAM030207.html
977,https://fam.state.gov/FAM/09FAM/09FAM030208.html
978,https://fam.state.gov/FAM/09FAM/09FAM030209.html
979,https://fam.state.gov/FAM/09FAM/09FAM030210.html
980,https://fam.state.gov/FAM/09FAM/09FAM030211.html
981,https://fam.state.gov/FAM/09FAM/09FAM030212.html
982,https://fam.state.gov/FAM/09FAM/09FAM030213.html
983,https://fam.state.gov/FAM/09FAM/09FAM030214.html
984,https://fam.state.gov/FAM/09FAM/09FAM030301.html
985,https://fam.state.gov/FAM/09FAM/09FAM030302.html
986,https://fam.state.gov/FAM/09FAM/09FAM030303.html
987,https://fam.state.gov/FAM/09FAM/09FAM030304.html
988,https://fam.state.gov/FAM/09FAM/09FAM030305.html
989,https://fam.state.gov/FAM/09FAM/09FAM030306.html
990,https://fam.state.gov/FAM/09FAM/09FAM030307.html
991,https://fam.state.gov/FAM/09FAM/09FAM030308.html
992,https://fam.state.gov/FAM/09FAM/09FAM030309.html
993,https://fam.state.gov/FAM/09FAM/09FAM030310.html
994,https://fam.state.gov/FAM/09FAM/09FAM030401.html
995,https://fam.state.gov/FAM/09FAM/09FAM030402.html
996,https://fam.state.gov/FAM/09FAM/09FAM030403.html
997,https://fam.state.gov/FAM/09FAM/09FAM030404.html
998,https://fam.state.gov/FAM/09FAM/09FAM030405.html
999,https://fam.state.gov/FAM/09FAM/09FAM030501.html
1000,https://fam.state.gov/FAM/09FAM/09FAM030502.html
1001,https://fam.state.gov/FAM/09FAM/09FAM030503.html
1002,https://fam.state.gov/FAM/09FAM/09FAM030504.html
1003,https://fam.state.gov/FAM/09FAM/09FAM030601.html
1004,https://fam.state.gov/FAM/09FAM/09FAM030602.html
1005,https://fam.state.gov/FAM/09FAM/09FAM030701.html
1006,https://fam.state.gov/FAM/09FAM/09FAM030702.html
1007,https://fam.state.gov/FAM/09FAM/09FAM030703.html
1008,https://fam.state.gov/FAM/09FAM/09FAM030704.html
1009,https://fam.state.gov/FAM/09FAM/09FAM030705.html
1010,https://fam.state.gov/FAM/09FAM/09FAM040101.html
1011,https://fam.state.gov/FAM/09FAM/09FAM040201.html
1012,https://fam.state.gov/FAM/09FAM/09FAM040202.html
1013,https://fam.state.gov/FAM/09FAM/09FAM040203.html
1014,https://fam.state.gov/FAM/09FAM/09FAM040204.html
1015,https://fam.state.gov/FAM/09FAM/09FAM040205.html
1016,https://fam.state.gov/FAM/09FAM/09FAM040206.html
1017,https://fam.state.gov/FAM/09FAM/09FAM040207.html
1018,https://fam.state.gov/FAM/09FAM/09FAM040208.html
1019,https://fam.state.gov/FAM/09FAM/09FAM040209.html
1020,https://fam.state.gov/FAM/09FAM/09FAM040210.html
1021,https://fam.state.gov/FAM/09FAM/09FAM040211.html
1022,https://fam.state.gov/FAM/09FAM/09FAM040212.html
1023,https://fam.state.gov/FAM/09FAM/09FAM040213.html
1024,https://fam.state.gov/FAM/09FAM/09FAM040214.html
1025,https://fam.state.gov/FAM/09FAM/09FAM040215.html
1026,https://fam.state.gov/FAM/09FAM/09FAM040216.html
1027,https://fam.state.gov/FAM/09FAM/09FAM040217.html
1028,https://fam.state.gov/FAM/09FAM/09FAM040218.html
1029,https://fam.state.gov/FAM/09FAM/09FAM040301.html
1030,https://fam.state.gov/FAM/09FAM/09FAM040302.html
1031,https://fam.state.gov/FAM/09FAM/09FAM040303.html
1032,https://fam.state.gov/FAM/09FAM/09FAM040304.html
1033,https://fam.state.gov/FAM/09FAM/09FAM040305.html
1034,https://fam.state.gov/FAM/09FAM/09FAM040306.html
1035,https://fam.state.gov/FAM/09FAM/09FAM040307.html
1036,https://fam.state.gov/FAM/09FAM/09FAM040308.html
1037,https://fam.state.gov/FAM/09FAM/09FAM040309.html
1038,https://fam.state.gov/FAM/09FAM/09FAM040310.html
1039,https://fam.state.gov/FAM/09FAM/09FAM040311.html
1040,https://fam.state.gov/FAM/09FAM/09FAM040312.html
1041,https://fam.state.gov/FAM/09FAM/09FAM050101.html
1042,https://fam.state.gov/FAM/09FAM/09FAM050201.html
1043,https://fam.state.gov/FAM/09FAM/09FAM050202.html
1044,https://fam.state.gov/FAM/09FAM/09FAM050203.html
1045,https://fam.state.gov/FAM/09FAM/09FAM050204.html
1046,https://fam.state.gov/FAM/09FAM/09FAM050205.html
1047,https://fam.state.gov/FAM/09FAM/09FAM050206.html
1048,https://fam.state.gov/FAM/09FAM/09FAM050207.html
1049,https://fam.state.gov/FAM/09FAM/09FAM050301.html
1050,https://fam.state.gov/FAM/09FAM/09FAM050302.html
1051,https://fam.state.gov/FAM/09FAM/09FAM050303.html
1052,https://fam.state.gov/FAM/09FAM/09FAM050304.html
1053,https://fam.state.gov/FAM/09FAM/09FAM050401.html
1054,https://fam.state.gov/FAM/09FAM/09FAM050402.html
1055,https://fam.state.gov/FAM/09FAM/09FAM050403.html
1056,https://fam.state.gov/FAM/09FAM/09FAM050404.html
1057,https://fam.state.gov/FAM/09FAM/09FAM050405.html
1058,https://fam.state.gov/FAM/09FAM/09FAM050406.html
1059,https://fam.state.gov/FAM/09FAM/09FAM050407.html
1060,https://fam.state.gov/FAM/09FAM/09FAM050408.html
1061,https://fam.state.gov/FAM/09FAM/09FAM050409.html
1062,https://fam.state.gov/FAM/09FAM/09FAM050410.html
1063,https://fam.state.gov/FAM/09FAM/09FAM050411.html
1064,https://fam.state.gov/FAM/09FAM/09FAM050412.html
1065,https://fam.state.gov/FAM/09FAM/09FAM050413.html
1066,https://fam.state.gov/FAM/09FAM/09FAM060101.html
1067,https://fam.state.gov/FAM/09FAM/09FAM060102.html
1068,https://fam.state.gov/FAM/09FAM/09FAM060103.html
1069,https://fam.state.gov/FAM/09FAM/09FAM060104.html
1070,https://fam.state.gov/FAM/09FAM/09FAM060105.html
1071,https://fam.state.gov/FAM/09FAM/09FAM060106.html
1072,https://fam.state.gov/FAM/09FAM/09FAM060107.html
1073,https://fam.state.gov/FAM/09FAM/09FAM060108.html
1074,https://fam.state.gov/FAM/09FAM/09FAM060109.html
1075,https://fam.state.gov/FAM/09FAM/09FAM060110.html
1076,https://fam.state.gov/FAM/09FAM/09FAM060111.html
1077,https://fam.state.gov/FAM/09FAM/09FAM060112.html
1078,https://fam.state.gov/FAM/09FAM/09FAM060113.html
1079,https://fam.state.gov/FAM/09FAM/09FAM060114.html
1080,https://fam.state.gov/FAM/09FAM/09FAM060115.html
1081,https://fam.state.gov/FAM/09FAM/09FAM060201.html
1082,https://fam.state.gov/FAM/09FAM/09FAM060202.html
1083,https://fam.state.gov/FAM/09FAM/09FAM060301.html
1084,https://fam.state.gov/FAM/09FAM/09FAM060302.html
1085,https://fam.state.gov/FAM/09FAM/09FAM060401.html
1086,https://fam.state.gov/FAM/09FAM/09FAM060402.html
1087,https://fam.state.gov/FAM/10FAH01/10FAH010010.html
1088,https://fam.state.gov/FAM/10FAH01/10FAH010020.html
1089,https://fam.state.gov/FAM/10FAH01/10FAH010030.html
1090,https://fam.state.gov/FAM/10FAH01/10FAH010040.html
1091,https://fam.state.gov/FAM/10FAH01/10FAH010050.html
1092,https://fam.state.gov/FAM/10FAH01/10FAH010060.html
1093,https://fam.state.gov/FAM/10FAM/10FAM0110.html
1094,https://fam.state.gov/FAM/10FAM/10FAM0120.html
1095,https://fam.state.gov/FAM/10FAM/10FAM0130.html
1096,https://fam.state.gov/FAM/10FAM/10FAM0140.html
1097,https://fam.state.gov/FAM/10FAM/10FAM0150.html
1098,https://fam.state.gov/FAM/10FAM/10FAM0160.html
1099,https://fam.state.gov/FAM/10FAM/10FAM0170.html
1100,https://fam.state.gov/FAM/10FAM/10FAM0180.html
1101,https://fam.state.gov/FAM/10FAM/10FAM0210.html
1102,https://fam.state.gov/FAM/10FAM/10FAM0220.html
1103,https://fam.state.gov/FAM/10FAM/10FAM0230.html
1104,https://fam.state.gov/FAM/10FAM/10FAM0240.html
1105,https://fam.state.gov/FAM/10FAM/10FAM0250.html
1106,https://fam.state.gov/FAM/10FAM/10FAM0310.html
1107,https://fam.state.gov/FAM/10FAM/10FAM0330.html
1108,https://fam.state.gov/FAM/10FAM/10FAM0340.html
1109,https://fam.state.gov/FAM/10FAM/10FAM0350.html
1110,https://fam.state.gov/FAM/10FAM/10FAM0360.html
1111,https://fam.state.gov/FAM/10FAM/10FAM0370.html
1112,https://fam.state.gov/FAM/10FAM/10FAM0380.html
1113,https://fam.state.gov/FAM/10FAM/10FAM0410.html
1114,https://fam.state.gov/FAM/10FAM/10FAM0510.html
1115,https://fam.state.gov/FAM/11FAM/11FAM0520.html
1116,https://fam.state.gov/FAM/11FAM/11FAM0530.html
1117,https://fam.state.gov/FAM/11FAM/11FAM0610.html
1118,https://fam.state.gov/FAM/11FAM/11FAM0620.html
1119,https://fam.state.gov/FAM/11FAM/11FAM0710.html
1120,https://fam.state.gov/FAM/11FAM/11FAM0720.html
1121,https://fam.state.gov/FAM/11FAM/11FAM0730.html
1122,https://fam.state.gov/FAM/11FAM/11FAM0740.html
1123,https://fam.state.gov/FAM/11FAM/11FAM0750.html
1124,https://fam.state.gov/FAM/11FAM/11FAM0810.html
1125,https://fam.state.gov/FAM/11FAM/11FAM0820.html
1126,https://fam.state.gov/FAM/12FAH12/12FAH120010.html
1127,https://fam.state.gov/FAM/12FAM/12FAM0010.html
1128,https://fam.state.gov/FAM/12FAM/12FAM0020.html
1129,https://fam.state.gov/FAM/12FAM/12FAM0030.html
1130,https://fam.state.gov/FAM/12FAM/12FAM0040.html
1131,https://fam.state.gov/FAM/12FAM/12FAM0050.html
1132,https://fam.state.gov/FAM/12FAM/12FAM0060.html
1133,https://fam.state.gov/FAM/12FAM/12FAM0070.html
1134,https://fam.state.gov/FAM/12FAM/12FAM0080.html
1135,https://fam.state.gov/FAM/12FAM/12FAM0090.html
1136,https://fam.state.gov/FAM/12FAM/12FAM0110.html
1137,https://fam.state.gov/FAM/12FAM/12FAM0120.html
1138,https://fam.state.gov/FAM/12FAM/12FAM0130.html
1139,https://fam.state.gov/FAM/12FAM/12FAM0140.html
1140,https://fam.state.gov/FAM/12FAM/12FAM0150.html
1141,https://fam.state.gov/FAM/12FAM/12FAM0160.html
1142,https://fam.state.gov/FAM/12FAM/12FAM0210.html
1143,https://fam.state.gov/FAM/12FAM/12FAM0230.html
1144,https://fam.state.gov/FAM/12FAM/12FAM0240.html
1145,https://fam.state.gov/FAM/12FAM/12FAM0250.html
1146,https://fam.state.gov/FAM/12FAM/12FAM0260.html
1147,https://fam.state.gov/FAM/12FAM/12FAM0270.html
1148,https://fam.state.gov/FAM/12FAM/12FAM0310.html
1149,https://fam.state.gov/FAM/12FAM/12FAM0340.html
1150,https://fam.state.gov/FAM/12FAM/12FAM0350.html
1151,https://fam.state.gov/FAM/12FAM/12FAM0360.html
1152,https://fam.state.gov/FAM/12FAM/12FAM0370.html
1153,https://fam.state.gov/FAM/12FAM/12FAM0380.html
1154,https://fam.state.gov/FAM/12FAM/12FAM0390.html
1155,https://fam.state.gov/FAM/12FAM/12FAM0410.html
1156,https://fam.state.gov/FAM/12FAM/12FAM0440.html
1157,https://fam.state.gov/FAM/12FAM/12FAM0450.html
1158,https://fam.state.gov/FAM/12FAM/12FAM0470.html
1159,https://fam.state.gov/FAM/12FAM/12FAM0510.html
1160,https://fam.state.gov/FAM/12FAM/12FAM0520.html
1161,https://fam.state.gov/FAM/12FAM/12FAM0530.html
1162,https://fam.state.gov/FAM/12FAM/12FAM0540.html
1163,https://fam.state.gov/FAM/12FAM/12FAM0550.html
1164,https://fam.state.gov/FAM/12FAM/12FAM0560.html
1165,https://fam.state.gov/FAM/12FAM/12FAM0570.html
1166,https://fam.state.gov/FAM/12FAM/12FAM0610.html
1167,https://fam.state.gov/FAM/12FAM/12FAM0620.html
1168,https://fam.state.gov/FAM/12FAM/12FAM0630.html
1169,https://fam.state.gov/FAM/12FAM/12FAM0640.html
1170,https://fam.state.gov/FAM/12FAM/12FAM0650.html
1171,https://fam.state.gov/FAM/12FAM/12FAM0710.html
1172,https://fam.state.gov/FAM/12FAM/12FAM1010.html
1173,https://fam.state.gov/FAM/13FAH01/13FAH010010.html
1174,https://fam.state.gov/FAM/13FAH01/13FAH010110.html
1175,https://fam.state.gov/FAM/13FAH01/13FAH010120.html
1176,https://fam.state.gov/FAM/13FAH01/13FAH010130.html
1177,https://fam.state.gov/FAM/13FAH01/13FAH010140.html
1178,https://fam.state.gov/FAM/13FAH01/13FAH010210.html
1179,https://fam.state.gov/FAM/13FAH01/13FAH010220.html
1180,https://fam.state.gov/FAM/13FAH01/13FAH010230.html
1181,https://fam.state.gov/FAM/13FAH01/13FAH010240.html
1182,https://fam.state.gov/FAM/13FAH01/13FAH010250.html
1183,https://fam.state.gov/FAM/13FAH01/13FAH010410.html
1184,https://fam.state.gov/FAM/13FAH01/13FAH010420.html
1185,https://fam.state.gov/FAM/13FAH01/13FAH010510.html
1186,https://fam.state.gov/FAM/13FAH01/13FAH010520.html
1187,https://fam.state.gov/FAM/13FAH01/13FAH010610.html
1188,https://fam.state.gov/FAM/13FAH01/13FAH010620.html
1189,https://fam.state.gov/FAM/13FAH01/13FAH010630.html
1190,https://fam.state.gov/FAM/13FAH01/13FAH010710.html
1191,https://fam.state.gov/FAM/13FAH01/13FAH010720.html
1192,https://fam.state.gov/FAM/13FAM/13FAM010101.html
1193,https://fam.state.gov/FAM/13FAM/13FAM010102.html
1194,https://fam.state.gov/FAM/13FAM/13FAM010103.html
1195,https://fam.state.gov/FAM/13FAM/13FAM010201.html
1196,https://fam.state.gov/FAM/13FAM/13FAM010202.html
1197,https://fam.state.gov/FAM/13FAM/13FAM010203.html
1198,https://fam.state.gov/FAM/13FAM/13FAM010204.html
1199,https://fam.state.gov/FAM/13FAM/13FAM010205.html
1200,https://fam.state.gov/FAM/13FAM/13FAM010206.html
1201,https://fam.state.gov/FAM/13FAM/13FAM010207.html
1202,https://fam.state.gov/FAM/13FAM/13FAM020101.html
1203,https://fam.state.gov/FAM/13FAM/13FAM020102.html
1204,https://fam.state.gov/FAM/13FAM/13FAM020103.html
1205,https://fam.state.gov/FAM/13FAM/13FAM020104.html
1206,https://fam.state.gov/FAM/13FAM/13FAM030101.html
1207,https://fam.state.gov/FAM/13FAM/13FAM030102.html
1208,https://fam.state.gov/FAM/13FAM/13FAM030103.html
1209,https://fam.state.gov/FAM/13FAM/13FAM030104.html
1210,https://fam.state.gov/FAM/13FAM/13FAM030105.html
1211,https://fam.state.gov/FAM/13FAM/13FAM040101.html
1212,https://fam.state.gov/FAM/13FAM/13FAM050101.html
1213,https://fam.state.gov/FAM/13FAM/13FAM060101.html
1214,https://fam.state.gov/FAM/13FAM/13FAM060102.html
1215,https://fam.state.gov/FAM/13FAM/13FAM060201.html
1216,https://fam.state.gov/FAM/13FAM/13FAM060202.html
1217,https://fam.state.gov/FAM/13FAM/13FAM070101.html
1218,https://fam.state.gov/FAM/14FAH01/14FAH010010.html
1219,https://fam.state.gov/FAM/14FAH01/14FAH010110.html
1220,https://fam.state.gov/FAM/14FAH01/14FAH010120.html
1221,https://fam.state.gov/FAM/14FAH01/14FAH010210.html
1222,https://fam.state.gov/FAM/14FAH01/14FAH010220.html
1223,https://fam.state.gov/FAM/14FAH01/14FAH010230.html
1224,https://fam.state.gov/FAM/14FAH01/14FAH010310.html
1225,https://fam.state.gov/FAM/14FAH01/14FAH010410.html
1226,https://fam.state.gov/FAM/14FAH01/14FAH010420.html
1227,https://fam.state.gov/FAM/14FAH01/14FAH010430.html
1228,https://fam.state.gov/FAM/14FAH01/14FAH010510.html
1229,https://fam.state.gov/FAM/14FAH01/14FAH010610.html
1230,https://fam.state.gov/FAM/14FAH01/14FAH010620.html
1231,https://fam.state.gov/FAM/14FAH01/14FAH010710.html
1232,https://fam.state.gov/FAM/14FAH01/14FAH010720.html
1233,https://fam.state.gov/FAM/14FAH02/14FAH020110.html
1234,https://fam.state.gov/FAM/14FAH02/14FAH020120.html
1235,https://fam.state.gov/FAM/14FAH02/14FAH020130.html
1236,https://fam.state.gov/FAM/14FAH02/14FAH020140.html
1237,https://fam.state.gov/FAM/14FAH02/14FAH020150.html
1238,https://fam.state.gov/FAM/14FAH02/14FAH020210.html
1239,https://fam.state.gov/FAM/14FAH02/14FAH020220.html
1240,https://fam.state.gov/FAM/14FAH02/14FAH020230.html
1241,https://fam.state.gov/FAM/14FAH02/14FAH020240.html
1242,https://fam.state.gov/FAM/14FAH02/14FAH020310.html
1243,https://fam.state.gov/FAM/14FAH02/14FAH020320.html
1244,https://fam.state.gov/FAM/14FAH02/14FAH020330.html
1245,https://fam.state.gov/FAM/14FAH02/14FAH020340.html
1246,https://fam.state.gov/FAM/14FAH02/14FAH020350.html
1247,https://fam.state.gov/FAM/14FAH02/14FAH020360.html
1248,https://fam.state.gov/FAM/14FAH02/14FAH020370.html
1249,https://fam.state.gov/FAM/14FAH02/14FAH020410.html
1250,https://fam.state.gov/FAM/14FAH02/14FAH020420.html
1251,https://fam.state.gov/FAM/14FAH02/14FAH020430.html
1252,https://fam.state.gov/FAM/14FAH02/14FAH020440.html
1253,https://fam.state.gov/FAM/14FAH02/14FAH020450.html
1254,https://fam.state.gov/FAM/14FAH02/14FAH020510.html
1255,https://fam.state.gov/FAM/14FAH02/14FAH020520.html
1256,https://fam.state.gov/FAM/14FAH02/14FAH020530.html
1257,https://fam.state.gov/FAM/14FAH02/14FAH020540.html
1258,https://fam.state.gov/FAM/14FAH02/14FAH020550.html
1259,https://fam.state.gov/FAM/14FAH02/14FAH020560.html
1260,https://fam.state.gov/FAM/14FAH02/14FAH020570.html
1261,https://fam.state.gov/FAM/14FAH03/14FAH030110.html
1262,https://fam.state.gov/FAM/14FAH03/14FAH030210.html
1263,https://fam.state.gov/FAM/14FAH03/14FAH030310.html
1264,https://fam.state.gov/FAM/14FAH03/14FAH030320.html
1265,https://fam.state.gov/FAM/14FAH03/14FAH030330.html
1266,https://fam.state.gov/FAM/14FAH03/14FAH030340.html
1267,https://fam.state.gov/FAM/14FAH03/14FAH030350.html
1268,https://fam.state.gov/FAM/14FAH03/14FAH030510.html
1269,https://fam.state.gov/FAM/14FAH04/14FAH040110.html
1270,https://fam.state.gov/FAM/14FAH04/14FAH040120.html
1271,https://fam.state.gov/FAM/14FAH04/14FAH040210.html
1272,https://fam.state.gov/FAM/14FAH04/14FAH040220.html
1273,https://fam.state.gov/FAM/14FAH04/14FAH040230.html
1274,https://fam.state.gov/FAM/14FAH04/14FAH040240.html
1275,https://fam.state.gov/FAM/14FAH04/14FAH040250.html
1276,https://fam.state.gov/FAM/14FAH04/14FAH040260.html
1277,https://fam.state.gov/FAM/14FAH04/14FAH040310.html
1278,https://fam.state.gov/FAM/14FAH04/14FAH040320.html
1279,https://fam.state.gov/FAM/14FAH04/14FAH040330.html
1280,https://fam.state.gov/FAM/14FAH04/14FAH040340.html
1281,https://fam.state.gov/FAM/14FAH05/14FAH050110.html
1282,https://fam.state.gov/FAM/14FAH05/14FAH050120.html
1283,https://fam.state.gov/FAM/14FAH05/14FAH050210.html
1284,https://fam.state.gov/FAM/14FAH05/14FAH050220.html
1285,https://fam.state.gov/FAM/14FAH05/14FAH050310.html
1286,https://fam.state.gov/FAM/14FAH05/14FAH050410.html
1287,https://fam.state.gov/FAM/14FAH05/14FAH050420.html
1288,https://fam.state.gov/FAM/14FAH05/14FAH050430.html
1289,https://fam.state.gov/FAM/14FAH05/14FAH050510.html
1290,https://fam.state.gov/FAM/14FAH05/14FAH050520.html
1291,https://fam.state.gov/FAM/14FAH05/14FAH050610.html
1292,https://fam.state.gov/FAM/14FAH05/14FAH050620.html
1293,https://fam.state.gov/FAM/14FAH05/14FAH050810.html
1294,https://fam.state.gov/FAM/14FAH05/14FAH050860.html
1295,https://fam.state.gov/FAM/14FAH05/14FAH050910.html
1296,https://fam.state.gov/FAM/14FAH05/14FAH051010.html
1297,https://fam.state.gov/FAM/14FAM/14FAM0110.html
1298,https://fam.state.gov/FAM/14FAM/14FAM0120.html
1299,https://fam.state.gov/FAM/14FAM/14FAM0130.html
1300,https://fam.state.gov/FAM/14FAM/14FAM0210.html
1301,https://fam.state.gov/FAM/14FAM/14FAM0220.html
1302,https://fam.state.gov/FAM/14FAM/14FAM0230.html
1303,https://fam.state.gov/FAM/14FAM/14FAM0240.html
1304,https://fam.state.gov/FAM/14FAM/14FAM0250.html
1305,https://fam.state.gov/FAM/14FAM/14FAM0310.html
1306,https://fam.state.gov/FAM/14FAM/14FAM0410.html
1307,https://fam.state.gov/FAM/14FAM/14FAM0420.html
1308,https://fam.state.gov/FAM/14FAM/14FAM0430.html
1309,https://fam.state.gov/FAM/14FAM/14FAM0440.html
1310,https://fam.state.gov/FAM/14FAM/14FAM0510.html
1311,https://fam.state.gov/FAM/14FAM/14FAM0520.html
1312,https://fam.state.gov/FAM/14FAM/14FAM0530.html
1313,https://fam.state.gov/FAM/14FAM/14FAM0540.html
1314,https://fam.state.gov/FAM/14FAM/14FAM0550.html
1315,https://fam.state.gov/FAM/14FAM/14FAM0560.html
1316,https://fam.state.gov/FAM/14FAM/14FAM0570.html
1317,https://fam.state.gov/FAM/14FAM/14FAM0580.html
1318,https://fam.state.gov/FAM/14FAM/14FAM0610.html
1319,https://fam.state.gov/FAM/14FAM/14FAM0620.html
1320,https://fam.state.gov/FAM/14FAM/14FAM0630.html
1321,https://fam.state.gov/FAM/14FAM/14FAM0640.html
1322,https://fam.state.gov/FAM/14FAM/14FAM0710.html
1323,https://fam.state.gov/FAM/14FAM/14FAM0720.html
1324,https://fam.state.gov/FAM/14FAM/14FAM0730.html
1325,https://fam.state.gov/FAM/14FAM/14FAM0740.html
1326,https://fam.state.gov/FAM/14FAM/14FAM0760.html
1327,https://fam.state.gov/FAM/15FAH01/15FAH010110.html
1328,https://fam.state.gov/FAM/15FAH01/15FAH010120.html
1329,https://fam.state.gov/FAM/15FAH03/15FAH030001.html
1330,https://fam.state.gov/FAM/15FAH03/15FAH030001.html
1331,https://fam.state.gov/FAM/15FAM/15FAM0110.html
1332,https://fam.state.gov/FAM/15FAM/15FAM0120.html
1333,https://fam.state.gov/FAM/15FAM/15FAM0130.html
1334,https://fam.state.gov/FAM/15FAM/15FAM0140.html
1335,https://fam.state.gov/FAM/15FAM/15FAM0150.html
1336,https://fam.state.gov/FAM/15FAM/15FAM0160.html
1337,https://fam.state.gov/FAM/15FAM/15FAM0210.html
1338,https://fam.state.gov/FAM/15FAM/15FAM0220.html
1339,https://fam.state.gov/FAM/15FAM/15FAM0230.html
1340,https://fam.state.gov/FAM/15FAM/15FAM0240.html
1341,https://fam.state.gov/FAM/15FAM/15FAM0250.html
1342,https://fam.state.gov/FAM/15FAM/15FAM0260.html
1343,https://fam.state.gov/FAM/15FAM/15FAM0310.html
1344,https://fam.state.gov/FAM/15FAM/15FAM0320.html
1345,https://fam.state.gov/FAM/15FAM/15FAM0340.html
1346,https://fam.state.gov/FAM/15FAM/15FAM0350.html
1347,https://fam.state.gov/FAM/15FAM/15FAM0410.html
1348,https://fam.state.gov/FAM/15FAM/15FAM0420.html
1349,https://fam.state.gov/FAM/15FAM/15FAM0430.html
1350,https://fam.state.gov/FAM/15FAM/15FAM0440.html
1351,https://fam.state.gov/FAM/15FAM/15FAM0450.html
1352,https://fam.state.gov/FAM/15FAM/15FAM0460.html
1353,https://fam.state.gov/FAM/15FAM/15FAM0470.html
1354,https://fam.state.gov/FAM/15FAM/15FAM0610.html
1355,https://fam.state.gov/FAM/15FAM/15FAM0620.html
1356,https://fam.state.gov/FAM/15FAM/15FAM0630.html
1357,https://fam.state.gov/FAM/15FAM/15FAM0640.html
1358,https://fam.state.gov/FAM/15FAM/15FAM0650.html
1359,https://fam.state.gov/FAM/15FAM/15FAM0660.html
1360,https://fam.state.gov/FAM/15FAM/15FAM0670.html
1361,https://fam.state.gov/FAM/15FAM/15FAM0680.html
1362,https://fam.state.gov/FAM/15FAM/15FAM0710.html
1363,https://fam.state.gov/FAM/15FAM/15FAM0720.html
1364,https://fam.state.gov/FAM/15FAM/15FAM0730.html
1365,https://fam.state.gov/FAM/15FAM/15FAM0740.html
1366,https://fam.state.gov/FAM/15FAM/15FAM0750.html
1367,https://fam.state.gov/FAM/15FAM/15FAM0760.html
1368,https://fam.state.gov/FAM/15FAM/15FAM0770.html
1369,https://fam.state.gov/FAM/15FAM/15FAM0780.html
1370,https://fam.state.gov/FAM/15FAM/15FAM0810.html
1371,https://fam.state.gov/FAM/15FAM/15FAM0820.html
1372,https://fam.state.gov/FAM/15FAM/15FAM0830.html
1373,https://fam.state.gov/FAM/15FAM/15FAM0840.html
1374,https://fam.state.gov/FAM/15FAM/15FAM0850.html
1375,https://fam.state.gov/FAM/15FAM/15FAM0910.html
1376,https://fam.state.gov/FAM/15FAM/15FAM0920.html
1377,https://fam.state.gov/FAM/15FAM/15FAM0930.html
1378,https://fam.state.gov/FAM/15FAM/15FAM0940.html
1379,https://fam.state.gov/FAM/15FAM/15FAM0950.html
1380,https://fam.state.gov/FAM/15FAM/15FAM0960.html
1381,https://fam.state.gov/FAM/15FAM/15FAM0970.html
1382,https://fam.state.gov/FAM/15FAM/15FAM1010.html
1383,https://fam.state.gov/FAM/15FAM/15FAM1020.html
1384,https://fam.state.gov/FAM/16FAM/16FAM0110.html
1385,https://fam.state.gov/FAM/16FAM/16FAM0120.html
1386,https://fam.state.gov/FAM/16FAM/16FAM0130.html
1387,https://fam.state.gov/FAM/16FAM/16FAM0210.html
1388,https://fam.state.gov/FAM/16FAM/16FAM0220.html
1389,https://fam.state.gov/FAM/16FAM/16FAM0310.html
1390,https://fam.state.gov/FAM/16FAM/16FAM0410.html
1391,https://fam.state.gov/FAM/16FAM/16FAM0430.html
1392,https://fam.state.gov/FAM/16FAM/16FAM0440.html
1393,https://fam.state.gov/FAM/16FAM/16FAM0450.html
1394,https://fam.state.gov/FAM/16FAM/16FAM0460.html
1395,https://fam.state.gov/FAM/16FAM/16FAM0510.html
1396,https://fam.state.gov/FAM/16FAM/16FAM0520.html
1397,https://fam.state.gov/FAM/16FAM/16FAM0530.html
1398,https://fam.state.gov/FAM/16FAM/16FAM0610.html
1399,https://fam.state.gov/FAM/16FAM/16FAM0620.html
1400,https://fam.state.gov/FAM/16FAM/16FAM0710.html
1401,https://fam.state.gov/FAM/16FAM/16FAM0740.html
1402,https://fam.state.gov/FAM/16FAM/16FAM0810.html
1403,https://fam.state.gov/FAM/18FAM/18FAM020101.html
1404,https://fam.state.gov/FAM/18FAM/18FAM020102.html
1405,https://fam.state.gov/FAM/18FAM/18FAM020103.html
1406,https://fam.state.gov/FAM/18FAM/18FAM020104.html
1407,https://fam.state.gov/FAM/18FAM/18FAM020105.html
1408,https://fam.state.gov/FAM/18FAM/18FAM020106.html
1409,https://fam.state.gov/FAM/18FAM/18FAM030101.html
1410,https://fam.state.gov/FAM/18FAM/18FAM030102.html
1411,https://fam.state.gov/FAM/18FAM/18FAM030104.html
1412,https://fam.state.gov/FAM/18FAM/18FAM030105.html
1413,https://fam.state.gov/FAM/18FAM/18FAM040101.html
1414,https://fam.state.gov/FAM/20FAM/20FAM010101.html
1415,https://fam.state.gov/FAM/20FAM/20FAM010102.html
1416,https://fam.state.gov/FAM/20FAM/20FAM010103.html
1417,https://fam.state.gov/FAM/20FAM/20FAM010104.html
1418,https://fam.state.gov/FAM/20FAM/20FAM010201.html
1419,https://fam.state.gov/FAM/20FAM/20FAM010202.html
1420,https://fam.state.gov/FAM/20FAM/20FAM010203.html
1421,https://fam.state.gov/FAM/20FAM/20FAM020101.html
1422,https://fam.state.gov/FAM/20FAM/20FAM020102.html
1423,https://fam.state.gov/FAM/20FAM/20FAM020103.html
1424,https://fam.state.gov/FAM/20FAM/20FAM020201.html
1425,https://fam.state.gov/FAM/20FAM/20FAM020202.html
1426,https://fam.state.gov/FAM/20FAM/20FAM030101.html
1427,https://fam.state.gov/FAM/20FAM/20FAM030102.html
1428,https://fam.state.gov/FAM/20FAM/20FAM030201.html
1429,https://fam.state.gov/FAM/20FAM/20FAM030202.html
1430,https://fam.state.gov/FAM/20FAM/20FAM030203.html
1431,https://fam.state.gov/FAM/20FAM/20FAM040101.html
1432,https://fam.state.gov/FAM/20FAM/20FAM040102.html
1433,https://fam.state.gov/FAM/20FAM/20FAM040201.html
1434,https://fam.state.gov/FAM/20FAM/20FAM040202.html
1435,https://fam.state.gov/FAM/20FAM/20FAM040203.html
1436,https://fam.state.gov/FAM/20FAM/20FAM050101.html
1437,https://fam.state.gov/FAM/20FAM/20FAM050102.html
1438,https://fam.state.gov/FAM/20FAM/20FAM050201.html
1439,https://fam.state.gov/FAM/20FAM/20FAM050202.html
1440,https://fam.state.gov/FAM/20FAM/20FAM050203.html
1441,https://fam.state.gov/FAM/20FAM/20FAM060101.html
1442,https://fam.state.gov/FAM/20FAM/20FAM060102.html
1443,https://fam.state.gov/FAM/20FAM/20FAM060201.html
1444,https://fam.state.gov/FAM/20FAM/20FAM060202.html
1445,https://fam.state.gov/FAM/20FAM/20FAM060203.html
1446,https://fam.state.gov/FAM/20FAM/20FAM070101.html
1447,https://fam.state.gov/FAM/20FAM/20FAM070102.html
1448,https://fam.state.gov/FAM/20FAM/20FAM070201.html
1449,https://fam.state.gov/FAM/20FAM/20FAM070202.html
1450,https://fam.state.gov/FAM/20FAM/20FAM070203.html
1451,https://fam.state.gov/FAM/20FAM/20FAM080101.html
1452,https://fam.state.gov/FAM/20FAM/20FAM080102.html
1453,https://fam.state.gov/FAM/20FAM/20FAM080201.html
1454,https://fam.state.gov/FAM/20FAM/20FAM080202.html
1455,https://fam.state.gov/FAM/20FAM/20FAM080203.html
1456,https://fam.state.gov/FAM/20FAM/20FAM090101.html
1457,https://fam.state.gov/FAM/20FAM/20FAM090102.html
1458,https://fam.state.gov/FAM/20FAM/20FAM090201.html
1459,https://fam.state.gov/FAM/20FAM/20FAM090202.html
1460,https://fam.state.gov/FAM/20FAM/20FAM090203.html
1461,https://fam.state.gov/FAM/20FAM/20FAM100101.html
1462,https://fam.state.gov/FAM/20FAM/20FAM100102.html
1463,https://fam.state.gov/FAM/20FAM/20FAM100201.html
1464,https://fam.state.gov/FAM/20FAM/20FAM100202.html
1465,https://fam.state.gov/FAM/20FAM/20FAM100203.html
1466,https://fam.state.gov/FAM/20FAM/20FAM110101.html
1467,https://fam.state.gov/FAM/20FAM/20FAM110102.html
1468,https://fam.state.gov/FAM/20FAM/20FAM110201.html
1469,https://fam.state.gov/FAM/20FAM/20FAM110202.html
1470,https://fam.state.gov/FAM/20FAM/20FAM110203.html
1471,https://fam.state.gov/FAM/20FAM/20FAM120101.html
1472,https://fam.state.gov/FAM/20FAM/20FAM120102.html
1473,https://fam.state.gov/FAM/20FAM/20FAM120201.html
1474,https://fam.state.gov/FAM/20FAM/20FAM120202.html
1475,https://fam.state.gov/FAM/20FAM/20FAM120203.html
1476,https://fam.state.gov/FAM/20FAM/20FAM130101.html
1477,https://fam.state.gov/FAM/20FAM/20FAM130102.html
1478,https://fam.state.gov/FAM/20FAM/20FAM130201.html
1479,https://fam.state.gov/FAM/20FAM/20FAM130202.html
1480,https://fam.state.gov/FAM/20FAM/20FAM130203.html
1481,https://fam.state.gov/FAM/20FAM/20FAM140101.html
1482,https://fam.state.gov/FAM/20FAM/20FAM140102.html
1483,https://fam.state.gov/FAM/20FAM/20FAM140201.html
1484,https://fam.state.gov/FAM/20FAM/20FAM140202.html
1485,https://fam.state.gov/FAM/20FAM/20FAM140203.html
1486,https://fam.state.gov/FAM/20FAM/20FAM150101.html
1487,https://fam.state.gov/FAM/20FAM/20FAM150102.html
1488,https://fam.state.gov/FAM/20FAM/20FAM150201.html
1489,https://fam.state.gov/FAM/20FAM/20FAM150202.html
1490,https://fam.state.gov/FAM/20FAM/20FAM150203.html
1491,https://fam.state.gov/FAM/20FAM/20FAM160101.html
1492,https://fam.state.gov/FAM/20FAM/20FAM160102.html
1493,https://fam.state.gov/FAM/20FAM/20FAM160201.html
1494,https://fam.state.gov/FAM/20FAM/20FAM160202.html
1495,https://fam.state.gov/FAM/20FAM/20FAM160203.html
1496,https://fam.state.gov/FAM/20FAM/20FAM170101.html
1497,https://fam.state.gov/FAM/20FAM/20FAM170102.html
1498,https://fam.state.gov/FAM/20FAM/20FAM170201.html
1499,https://fam.state.gov/FAM/20FAM/20FAM170202.html
1500,https://fam.state.gov/FAM/20FAM/20FAM170203.html
